Date,HSI,HSIII,Tencent,SMIC
2015/8/17,23814.65,3159.55,135.69,7.4
2015/8/18,23474.97,3058.68,133.2,7.2
2015/8/19,23167.85,3038.46,133.4,7
2015/8/20,22757.47,2930.48,130.15,7
2015/8/21,22409.62,2833.19,125.75,6.7
2015/8/24,21251.57,2635.59,119.44,6
2015/8/25,21404.96,2678.36,125.08,6.2
2015/8/26,21080.39,2683.5,122.88,6.2
2015/8/27,21838.54,2846.94,126.32,6.7
2015/8/28,21612.39,2885.48,124.89,6.8
2015/8/31,21670.58,2838.79,125.94,6.8
2015/9/1,21185.43,2779,121.55,6.6
2015/9/2,20934.94,2761.86,121.74,6.7
2015/9/4,20840.61,2794.05,121.74,6.8
2015/9/7,20583.52,2781.92,120.78,6.8
2015/9/8,21259.04,2895.67,123.65,6.9
2015/9/9,22131.31,2965.39,127.66,7.1
2015/9/10,21562.5,2915.96,122.88,7.1
2015/9/11,21504.37,2919.09,121.74,6.9
2015/9/14,21561.9,2890.73,122.31,7
2015/9/15,21455.23,2879.85,125.37,7
2015/9/16,21966.66,2968,129.38,7.4
2015/9/17,21854.63,2997.5,128.33,7.2
2015/9/18,21920.83,3058.01,129.29,7.1
2015/9/21,21756.93,3072.47,127.85,7.4
2015/9/22,21796.58,3046.13,126.52,7.3
2015/9/23,21302.91,2970.49,125.08,7.1
2015/9/24,21095.98,2960.4,124.89,7.1
2015/9/25,21186.32,2937.7,125.18,7
2015/9/29,20556.6,2849.45,121.64,7
2015/9/30,20846.3,2900.14,123.55,7
2015/10/2,21506.09,2982.44,129.48,7.3
2015/10/5,21854.5,3009.01,133.49,7.3
2015/10/6,21831.62,3002.08,133.4,7.4
2015/10/7,22515.76,3077.75,135.69,7.6
2015/10/8,22354.91,3042.2,135.78,7.6
2015/10/9,22458.8,3056.62,135.59,7.4
2015/10/12,22730.93,3143.82,137.6,7.6
2015/10/13,22600.46,3142.11,136.55,7.5
2015/10/14,22439.91,3100.94,136.26,7.5
2015/10/15,22888.17,3158.29,138.56,7.5
2015/10/16,23067.37,3197.75,140.08,7.6
2015/10/19,23075.61,3181.18,140.56,7.6
2015/10/20,22989.22,3178.42,140.37,7.5
2015/10/22,22845.37,3177.7,139.8,7.4
2015/10/23,23151.94,3209.2,142.57,7.3
2015/10/26,23116.25,3215.49,142.38,7.4
2015/10/27,23142.73,3201.75,142.47,7.2
2015/10/28,22956.57,3176.31,143.14,7.2
2015/10/29,22819.94,3170.55,141.42,7.1
2015/10/30,22640.04,3173.89,140.08,7.2
2015/11/2,22370.04,3148.43,140.94,7.2
2015/11/3,22568.43,3189.86,143.81,7.2
2015/11/4,23053.57,3285.96,146.2,7.5
2015/11/5,23051.04,3277.5,145.53,7.4
2015/11/6,22867.33,3307.61,147.63,7.6
2015/11/9,22726.77,3291.1,145.24,7.5
2015/11/10,22401.7,3224.52,143.72,7.3
2015/11/11,22352.17,3210.67,144.77,7.7
2015/11/12,22888.92,3301.02,148.11,8.8
2015/11/13,22396.14,3308.23,145.44,8.3
2015/11/16,22010.82,3274.8,142.47,8.4
2015/11/17,22264.25,3301.71,144.48,8.3
2015/11/18,22188.26,3291.96,144.67,8.2
2015/11/19,22500.22,3366.24,146.3,8.4
2015/11/20,22754.72,3435.94,148.21,8.7
2015/11/23,22665.9,3447.29,148.59,8.6
2015/11/24,22587.63,3445.01,149.16,8.4
2015/11/25,22498,3434.83,149.45,8.4
2015/11/26,22488.94,3384.35,148.78,8.3
2015/11/27,22068.32,3305.58,146.39,7.9
2015/11/30,21996.42,3306.53,147.44,8.1
2015/12/1,22381.35,3350.87,147.44,8.2
2015/12/2,22479.69,3342.3,146.87,8.2
2015/12/3,22417.01,3319.62,147.54,8.1
2015/12/4,22235.89,3288.02,144.29,7.9
2015/12/7,22203.22,3292.54,144.19,8.1
2015/12/8,21905.13,3266.48,143.05,8.2
2015/12/9,21803.76,3232.88,144,8
2015/12/10,21704.61,3183.87,143.72,7.9
2015/12/11,21464.05,3132.98,141.04,7.8
2015/12/14,21309.85,3118.64,139.99,8
2015/12/15,21274.37,3129.61,140.94,8
2015/12/16,21701.21,3173.72,145.05,8.1
2015/12/17,21872.06,3188.55,144.86,8.1
2015/12/18,21755.56,3137.47,144.58,8
2015/12/21,21791.68,3134.92,143.62,8
2015/12/22,21830.02,3153.21,144.1,8
2015/12/23,22040.59,3164.68,145.44,7.9
2015/12/24,22140.47,3161.8,145.05,8
2015/12/28,21919.62,3138.49,144.19,7.9
2015/12/29,21999.62,3139.08,144.1,7.9
2015/12/30,21882.15,3154.5,144,7.9
2015/12/31,21914.4,3158.53,145.72,7.9
2016/1/4,21327.12,,142.47,7.7
2016/1/5,21188.72,3032.19,140.85,7.7
2016/1/6,20980.81,3013.53,139.51,7.8
2016/1/7,20333.34,2881.91,133.97,7.3
2016/1/8,20453.71,2931.76,136.26,7.4
2016/1/11,19888.5,2807.52,131.87,7
2016/1/12,19711.76,,130.05,7.3
2016/1/13,19934.88,2790.96,131.29,7.4
2016/1/14,19817.41,2774.82,131.01,7.4
2016/1/15,19520.77,2711.14,130.91,7.1
2016/1/18,19237.45,2689.96,129.96,6.9
2016/1/19,19635.81,2787.44,133.59,7.1
2016/1/20,18886.3,2691.61,129.38,6.7
2016/1/21,18542.15,2615.24,127.18,6.4
2016/1/22,19080.51,2717.11,132.82,6.9
2016/1/25,19340.14,2781.54,137.89,6.8
2016/1/26,18860.8,2721.21,135.5,6.7
2016/1/27,19052.45,2725.3,134.26,6.7
2016/1/28,19195.83,2699.5,135.31,6.8
2016/1/29,19683.11,2776.85,138.46,6.7
2016/2/1,19595.5,2801.2,140.47,7
2016/2/2,19446.84,2843.61,139.13,7.1
2016/2/3,18991.59,2753.91,135.31,6.9
2016/2/4,19183.09,2783.18,135.59,7
2016/2/5,19288.17,2782.01,137.5,6.9
2016/2/11,18545.8,2687.88,129.86,6.4
2016/2/12,18319.58,2663.38,127.38,6.5
2016/2/15,18918.14,2736.44,132.06,6.6
2016/2/16,19122.08,2770.29,133.11,6.5
2016/2/17,18924.57,2755.14,132.06,6.4
2016/2/18,19363.08,2840.26,135.98,6.8
2016/2/19,19285.5,2863.96,134.92,6.6
2016/2/22,19464.09,2873.47,135.4,6.9
2016/2/23,19414.78,2855.43,135.59,6.8
2016/2/24,19192.45,2843.31,134.16,6.7
2016/2/25,18888.75,2785.27,132.82,6.4
2016/2/26,19364.15,2854.31,136.36,6.6
2016/2/29,19111.93,2829.27,135.59,6.4
2016/3/1,19407.46,2870.32,138.08,6.6
2016/3/2,20003.49,2960.4,141.71,6.8
2016/3/3,19941.76,2932.94,141.04,6.9
2016/3/4,20176.7,2952.07,140.66,6.9
2016/3/7,20159.72,2954.01,139.99,7
2016/3/8,20011.58,2929.64,139.8,7
2016/3/9,19996.26,2903.7,139.22,6.9
2016/3/10,19984.42,2868.26,138.56,6.7
2016/3/11,20199.6,2899.23,141.52,6.7
2016/3/14,20435.34,2940.9,146.49,6.8
2016/3/15,20288.77,2937.64,144.58,6.7
2016/3/16,20257.7,2924.55,144.19,6.7
2016/3/17,20503.81,2971.54,145.53,6.7
2016/3/18,20671.63,3010.95,150.88,6.8
2016/3/21,20684.15,3057.71,151.07,6.9
2016/3/22,20666.75,3068.9,152.41,6.9
2016/3/23,20615.23,3060.69,152.6,6.9
2016/3/24,20345.61,3055.11,151.74,6.8
2016/3/29,20366.3,3030.95,150.31,6.7
2016/3/30,20803.39,3070.34,151.17,6.8
2016/3/31,20776.7,3088.87,151.36,6.9
2016/4/1,20498.92,3065.87,151.46,6.9
2016/4/5,20177,3032.4,149.64,6.8
2016/4/6,20206.67,3042.87,151.93,6.7
2016/4/7,20266.05,3026.31,154.61,6.7
2016/4/8,20370.4,3011.05,152.89,6.7
2016/4/11,20440.81,3033.58,152.41,6.7
2016/4/12,20504.44,3057.8,152.89,6.8
2016/4/13,21158.71,3114.28,157.19,6.9
2016/4/14,21337.81,3124.43,157.67,7
2016/4/15,21316.47,3129.15,157.95,6.9
2016/4/18,21161.5,3118.03,158.34,6.9
2016/4/19,21436.21,3118.57,158.34,7
2016/4/20,21236.31,3065.55,154.7,6.8
2016/4/21,21622.25,3088.65,156.23,6.7
2016/4/22,21467.04,3083.85,155.56,6.7
2016/4/25,21304.44,3080.26,152.79,6.6
2016/4/26,21407.27,3065.16,154.61,6.6
2016/4/27,21361.6,3031.66,152.41,6.5
2016/4/28,21388.03,3045.57,153.84,
2016/4/29,21067.05,3006.34,151.84,6.4
2016/5/3,20676.94,2969.14,148.4,6.3
2016/5/4,20525.83,2962.81,147.63,6.3
2016/5/5,20449.82,2932.44,146.39,6.2
2016/5/6,20109.87,2856.8,147.06,6.1
2016/5/9,20156.81,2859.53,148.21,6
2016/5/10,20242.68,2837.17,149.45,5.9
2016/5/11,20055.29,2868.72,149.54,6.2
2016/5/12,19915.46,2863.84,147.35,6.6
2016/5/13,19719.29,2843.09,148.21,6.4
2016/5/16,19883.95,2879.88,152.79,6.5
2016/5/17,20118.8,2912.07,155.66,6.6
2016/5/18,19826.41,2875.41,153.94,6.4
2016/5/19,19694.33,2872.42,150.21,6.4
2016/5/20,19852.2,2858.81,151.91,6.3
2016/5/23,19809.03,2862.18,152.49,6.5
2016/5/24,19830.43,2863.9,153.83,6.5
2016/5/25,20368.05,2888.36,157.66,6.4
2016/5/26,20397.11,2887.58,156.99,6.4
2016/5/27,20576.77,2940.54,164.08,6.5
2016/5/30,20629.39,2968.57,162.84,6.5
2016/5/31,20815.09,2999.5,166.1,6.5
2016/6/1,20760.98,2993.76,163.32,6.5
2016/6/2,20859.22,3001.85,163.13,6.6
2016/6/3,20947.24,3028,163.7,6.5
2016/6/6,21030.22,3039.04,166.58,6.6
2016/6/7,21328.24,3097.88,169.26,6.9
2016/6/8,21297.88,3056.31,168.59,6.4
2016/6/10,21042.64,3005.07,167.82,6.4
2016/6/13,20512.99,2946.16,162.45,6.2
2016/6/14,20387.53,2943.53,161.3,6.2
2016/6/15,20467.52,2998.81,165.81,6.2
2016/6/16,20038.42,2951.35,161.78,6.2
2016/6/17,20169.98,2972.76,161.88,6.1
2016/6/20,20510.2,2989.43,163.6,6.1
2016/6/21,20668.44,3008.23,165.71,6.2
2016/6/22,20795.12,3031.13,169.74,6.1
2016/6/23,20868.34,3015.12,168.78,6.2
2016/6/24,20259.13,2952.88,166.58,6.1
2016/6/27,20227.3,2941.2,163.8,6.3
2016/6/28,20172.46,2922.27,163.41,6.1
2016/6/29,20436.12,2956.92,165.23,6.2
2016/6/30,20794.37,2983.23,168.78,6.2
2016/7/4,21059.2,2994.18,171.46,6.3
2016/7/5,20750.72,2968.62,169.07,6.3
2016/7/6,20495.29,2940.89,167.05,6.2
2016/7/7,20706.92,2958.26,168.97,6.3
2016/7/8,20564.17,2961.69,169.64,6.2
2016/7/11,20880.5,2964.44,172.52,6.3
2016/7/12,21224.74,3010.58,173.38,6.4
2016/7/13,21322.37,3013.06,173.67,6.4
2016/7/14,21561.06,3037.81,175.87,6.5
2016/7/15,21659.25,3032.58,177.12,6.4
2016/7/18,21803.18,3059.48,177.31,6.4
2016/7/19,21673.2,3049.15,175.68,6.5
2016/7/20,21882.48,3082.83,177.88,6.5
2016/7/21,22000.49,3115.54,176.93,6.6
2016/7/22,21964.27,3115.61,177.5,6.6
2016/7/25,21993.44,3101.2,180.19,6.6
2016/7/26,22129.73,3086.59,178.56,6.5
2016/7/27,22218.99,3099.81,181.14,6.6
2016/7/28,22174.34,3106.88,181.14,6.5
2016/7/29,21891.37,3066.81,178.75,6.3
2016/8/1,22129.14,3095.09,176.83,6.5
2016/8/3,21739.12,3109.17,173.96,6.5
2016/8/4,21832.23,3119.72,175.01,6.5
2016/8/5,22146.09,3156.34,176.93,6.5
2016/8/8,22494.76,3227.59,180.95,6.7
2016/8/9,22465.61,3211.69,180.38,6.8
2016/8/10,22492.43,3204.28,180.19,7
2016/8/11,22580.55,3229.82,180.86,7.4
2016/8/12,22766.91,3251.73,179.99,7.8
2016/8/15,22932.51,3270.2,183.16,7.9
2016/8/16,22910.84,3286.64,187.28,7.8
2016/8/17,22799.78,3259.73,184.98,7.7
2016/8/18,23023.16,3303.62,194.56,7.7
2016/8/19,22937.22,3302.52,193.41,7.9
2016/8/22,22997.91,3326.46,196.29,8
2016/8/23,22998.93,3289.32,195.14,7.8
2016/8/24,22820.78,3275.02,192.64,7.8
2016/8/25,22814.95,3243.96,191.21,7.9
2016/8/26,22909.54,3287.07,192.07,8.4
2016/8/29,22821.34,3321.5,193.03,8.9
2016/8/30,23016.11,3391.97,196.29,9
2016/8/31,22976.88,3355.5,193.41,8.5
2016/9/1,23162.34,3349.39,194.18,8.5
2016/9/2,23266.7,3370.18,193.41,8.7
2016/9/5,23649.55,3415.72,201.46,8.7
2016/9/6,23787.68,3482.54,206.06,8.7
2016/9/7,23741.81,3459.45,204.34,8.7
2016/9/8,23919.34,3479.54,206.06,8.7
2016/9/9,24099.7,3463.77,204.91,8.8
2016/9/12,23290.6,3336.82,198.4,8.6
2016/9/13,23215.76,3338.16,199.35,8.6
2016/9/14,23190.64,3358.65,199.93,8.8
2016/9/15,23335.59,3424.37,201.08,8.9
2016/9/19,23550.45,3444.46,200.7,8.7
2016/9/20,23530.86,3427.83,200.31,8.8
2016/9/21,23669.9,3464.96,202.42,8.9
2016/9/22,23759.8,3479.03,205.68,8.9
2016/9/23,23686.48,3459.02,209.13,8.7
2016/9/26,23317.92,3363.7,204.15,8.6
2016/9/27,23571.9,3398,206.83,8.7
2016/9/28,23619.65,3407.22,207.6,8.8
2016/9/29,23739.47,3448.01,208.55,8.9
2016/9/30,23297.15,3390.54,204.15,8.7
2016/10/3,23584.43,3439.44,207.79,8.8
2016/10/4,23689.44,3452.62,208.36,8.9
2016/10/5,23788.31,3458.95,208.36,8.9
2016/10/6,23952.5,3483.67,208.36,8.9
2016/10/7,23851.82,3469.9,207.21,9.1
2016/10/11,23549.52,3446.97,206.83,9
2016/10/12,23407.05,3435.67,204.53,9.3
2016/10/13,23031.3,3383.95,201.27,9.2
2016/10/14,23233.31,3407.52,200.31,9.5
2016/10/17,23037.54,3374.28,200.12,9.4
2016/10/18,23394.39,3439.52,203.57,9.6
2016/10/19,23304.97,3436.62,203.95,9.9
2016/10/20,23374.4,3448.77,205.3,9.8
2016/10/24,23604.08,3446.92,206.45,9.9
2016/10/25,23565.11,3444.8,205.87,9.9
2016/10/26,23325.43,3418.59,203.38,9.7
2016/10/27,23132.35,3386.02,201.85,9.7
2016/10/28,22954.81,3364.92,199.35,9.4
2016/10/31,22934.54,3344.8,197.25,9.4
2016/11/1,23147.07,3382.54,198.59,10.1
2016/11/2,22810.5,3344.99,195.9,10.3
2016/11/3,22683.51,3329.32,193.6,10.2
2016/11/4,22642.62,3344.67,191.69,11.1
2016/11/7,22801.4,3377.02,195.71,10.9
2016/11/8,22909.47,3394.15,197.05,10.8
2016/11/9,22415.19,3338.82,193.99,10.4
2016/11/10,22839.11,3432.96,199.55,11.2
2016/11/11,22531.09,3373.97,191.69,11.2
2016/11/14,22222.22,3314,184.59,10.4
2016/11/15,22323.91,3295.86,185.17,10.3
2016/11/16,22280.53,3329.26,188.72,10.4
2016/11/17,22262.88,3309.61,186.7,10.2
2016/11/18,22344.21,3350.4,187.28,10.8
2016/11/21,22357.78,3347.18,185.55,11
2016/11/22,22678.07,3358.03,187.66,11.1
2016/11/23,22676.69,3343.73,186.22,10.8
2016/11/24,22608.49,3321.73,184.21,10.6
2016/11/25,22723.45,3321.52,184.98,10.5
2016/11/28,22830.57,3379.81,187.18,10.5
2016/11/29,22737.07,3373.56,184.98,10.5
2016/11/30,22789.77,3386.28,185.65,10.5
2016/12/1,22878.23,3363.72,186.42,9.9
2016/12/2,22564.82,3321.65,183.06,10
2016/12/5,22505.55,3296.32,182.1,10
2016/12/6,22675.15,3299.56,182.01,10.3
2016/12/7,22800.92,3300.76,182.29,
2016/12/8,22861.84,3293.17,182.96,
2016/12/9,22760.98,3249.81,180.38,
2016/12/12,22433.02,3180.09,177.41,
2016/12/13,22446.7,3209.65,178.56,
2016/12/14,22456.62,3226.4,179.04,
2016/12/15,22059.4,3198.63,176.35,
2016/12/16,22020.75,3218.26,176.26,
2016/12/19,21832.68,3198.61,174.63,
2016/12/20,21729.06,3198.04,174.15,
2016/12/21,21809.8,3206.96,174.63,10.44
2016/12/22,21636.2,3204.43,173.96,10.58
2016/12/23,21574.76,3233.48,172.23,10.94
2016/12/28,21754.74,3279.26,175.97,11.2
2016/12/29,21790.91,3315.99,179.8,12.06
2016/12/30,22000.56,3354.49,181.81,12.18
2017/1/3,22150.4,3331.1,181.53,11.58
2017/1/4,22134.47,3362.95,181.14,11.62
2017/1/5,22456.69,3407.05,185.26,11.5
2017/1/6,22503.01,3406.21,186.99,11.6
2017/1/9,22558.69,3383.53,187.47,11.1
2017/1/10,22744.85,3401.89,189.77,11.2
2017/1/11,22935.35,3405.44,192.45,10.86
2017/1/12,22829.02,3410.9,190.54,10.74
2017/1/13,22937.38,3397.41,191.4,10.76
2017/1/16,22718.15,3364.59,188.52,10.56
2017/1/17,22840.97,3399.4,189.48,11.06
2017/1/18,23098.26,3436.92,191.4,10.88
2017/1/19,23049.96,3417.57,191.21,10.92
2017/1/20,22885.91,3398.49,189.48,10.8
2017/1/23,22898.52,3387.43,189.58,10.7
2017/1/24,22949.86,3424.81,189.58,11.08
2017/1/25,23049.12,3440.78,192.45,10.92
2017/1/26,23374.17,3465.84,196.48,10.72
2017/1/27,23360.78,3454.38,195.9,10.7
2017/2/1,23318.39,3434.79,198.01,10.44
2017/2/2,23184.52,3430.85,196.67,10.52
2017/2/3,23129.21,3443.94,196.48,10.64
2017/2/6,23348.24,3492.82,198.78,10.86
2017/2/7,23331.57,3509.11,196.86,11.2
2017/2/8,23485.13,3546.59,195.52,11.44
2017/2/9,23525.14,3555.67,195.71,11.36
2017/2/10,23574.98,3538,194.18,11.28
2017/2/13,23710.98,3587.78,195.14,11.44
2017/2/14,23703.01,3598.77,194.37,11.3
2017/2/15,23994.87,3596.51,198.01,10.68
2017/2/16,24107.7,3582.15,203.19,10.64
2017/2/17,24033.74,3546.71,203.38,10.54
2017/2/20,24146.08,3569.64,205.1,10.48
2017/2/21,23963.63,3528.48,202.23,10.22
2017/2/22,24201.96,3567.47,206.06,10.6
2017/2/23,24114.86,3552.69,205.87,10.46
2017/2/24,23965.7,3496.42,202.42,10.28
2017/2/27,23925.05,3501.76,201.46,10.22
2017/2/28,23740.73,3463.1,198.4,10.1
2017/3/1,23776.49,3485.15,198.2,10.06
2017/3/2,23728.07,3466.7,197.82,9.96
2017/3/3,23552.72,3466.19,198.59,10.06
2017/3/6,23596.28,3511.7,200.5,10.04
2017/3/7,23681.07,3542.82,203,10.42
2017/3/8,23782.27,3550.77,203.38,10.24
2017/3/9,23501.56,3513.12,201.08,10.08
2017/3/10,23568.67,3524.4,203.57,10.06
2017/3/13,23829.67,3606.61,206.45,10.38
2017/3/14,23827.95,3628.78,205.68,10.34
2017/3/15,23792.85,3690.58,205.68,10.5
2017/3/16,24288.28,3760.84,211.62,10.66
2017/3/17,24309.93,3864.09,212.77,10.7
2017/3/20,24501.99,3859.51,218.71,10.52
2017/3/21,24593.12,3828.33,219.29,10.44
2017/3/22,24320.41,3829.45,215.84,10
2017/3/23,24327.7,3887.99,213.73,10.14
2017/3/24,24358.27,3918.04,215.84,10.1
2017/3/27,24193.7,3785.02,215.46,9.98
2017/3/28,24345.87,3813.7,216.61,10.28
2017/3/29,24392.05,3807.78,218.52,9.94
2017/3/30,24301.09,3767.5,215.84,9.62
2017/3/31,24111.59,3786.01,213.54,9.62
2017/4/3,24261.48,3825.23,215.84,9.71
2017/4/5,24400.8,3840.92,219.29,9.7
2017/4/6,24273.72,3830.28,218.52,9.45
2017/4/7,24267.3,3835.55,217.76,9.62
2017/4/10,24262.18,3784.74,216.99,9.6
2017/4/11,24088.46,3744.99,215.65,9.44
2017/4/12,24313.5,3771.37,221.4,9.36
2017/4/13,24261.66,3755.54,221.01,9.22
2017/4/18,23924.54,3695.13,218.52,9.09
2017/4/19,23825.88,3741.3,220.63,9.17
2017/4/20,24056.98,3779.49,226.77,9.07
2017/4/21,24042.02,3804.67,226.57,9.3
2017/4/24,24139.48,3807.17,228.11,9.17
2017/4/25,24455.94,3850.78,232.71,9.18
2017/4/26,24578.43,3859.75,231.56,9.28
2017/4/27,24698.48,3883.07,234.43,9.36
2017/4/28,24615.13,3934.98,233.28,9.86
2017/5/2,24696.13,3944.98,238.07,9.64
2017/5/4,24683.88,3861.23,233.67,9.43
2017/5/5,24476.35,3834.03,233.67,9.44
2017/5/8,24577.91,3870.87,234.62,9.49
2017/5/9,24889.03,3914.04,240.37,9.37
2017/5/10,25015.42,3929.58,239.99,9.37
2017/5/11,25125.55,3855.28,244.02,9.11
2017/5/12,25156.34,3818.56,247.47,8.38
2017/5/15,25371.59,3835.38,248.23,8.41
2017/5/16,25335.94,3861.17,248.04,8.52
2017/5/17,25293.63,3858.54,249,8.42
2017/5/18,25136.52,3764.23,253.03,8.41
2017/5/19,25174.87,3782,257.84,8.35
2017/5/22,25391.34,3792.47,264.56,8.48
2017/5/23,25403.15,3764.44,264.37,8.39
2017/5/24,25428.5,3749.78,262.83,8.36
2017/5/25,25630.78,3755.81,266.29,8.45
2017/5/26,25639.27,3751.77,267.06,8.4
2017/5/29,25701.63,3753.12,263.98,8.56
2017/5/31,25660.65,3752.17,257.07,8.21
2017/6/1,25809.22,3761.19,260.53,8.15
2017/6/2,25924.05,3779.04,259.37,8.06
2017/6/5,25862.99,3763.29,260.91,7.9
2017/6/6,25997.14,3739.49,262.83,7.91
2017/6/7,25974.16,3810.14,262.06,8.08
2017/6/8,26063.06,3878.75,262.64,8.05
2017/6/9,26030.29,3899.03,266.48,7.88
2017/6/12,25708.04,3807.83,259.95,7.75
2017/6/13,25852.1,3823.4,261.68,7.74
2017/6/14,25875.9,3853.55,266.48,8.57
2017/6/15,25565.34,3810.13,262.26,8.68
2017/6/16,25626.49,3799.82,261.87,8.96
2017/6/19,25924.55,3841.29,267.83,8.77
2017/6/20,25843.04,3849.45,268.98,8.81
2017/6/21,25694.58,3855.34,268.21,8.57
2017/6/22,25674.53,3846.02,270.52,8.57
2017/6/23,25670.05,3864.63,269.17,8.39
2017/6/26,25871.89,3903.2,272.82,8.4
2017/6/27,25839.99,3893.38,276.66,8.47
2017/6/28,25683.5,3822.23,271.67,8.38
2017/6/29,25965.42,3838.29,272.82,8.41
2017/6/30,25764.58,3820.87,268.21,9.05
2017/7/3,25784.17,3817.26,269.75,8.74
2017/7/4,25389.01,3744.1,258.6,8.6
2017/7/5,25521.97,3797.23,260.33,8.8
2017/7/6,25465.22,3835.14,261.1,8.94
2017/7/7,25340.85,3839.02,258.41,8.57
2017/7/10,25500.06,3796.1,260.91,8.5
2017/7/11,25877.64,3811.85,267.44,8.63
2017/7/12,26043.64,3848.83,270.13,9.04
2017/7/13,26346.17,3921.23,273.21,9.1
2017/7/14,26389.23,3914.82,273.59,9
2017/7/17,26470.58,3922.25,273.78,8.98
2017/7/18,26524.94,3999.16,275.51,9.17
2017/7/19,26672.16,4100.07,286.27,9.31
2017/7/20,26740.21,4150.41,285.31,9.23
2017/7/21,26706.09,4066.51,285.31,9.12
2017/7/24,26846.83,4052.88,290.31,9.12
2017/7/25,26852.05,4038.66,289.73,9.04
2017/7/26,26941.02,3937.56,289.15,8.79
2017/7/27,27131.17,3929.39,296.26,8.69
2017/7/28,26979.39,3904.94,292.8,8.42
2017/7/31,27323.99,3922.65,301.07,8.6
2017/8/1,27540.23,3888.17,302.03,8.51
2017/8/2,27607.38,3936.24,300.3,8.59
2017/8/3,27531.01,3878.03,296.45,8.55
2017/8/4,27562.68,3917.84,299.14,8.48
2017/8/7,27690.36,3983.72,307.98,8.57
2017/8/8,27854.91,4037.98,315.67,8.88
2017/8/9,27757.09,4009.71,317.2,7.96
2017/8/10,27444,3959.61,313.75,7.43
2017/8/11,26883.51,3813.02,298.38,7.2
2017/8/14,27250.23,3928.16,311.25,7.33
2017/8/15,27174.96,3923.81,306.25,7.26
2017/8/16,27409.07,3943.44,310.48,7.34
2017/8/17,27344.22,3932.07,316.44,7.31
2017/8/18,27047.57,3912.48,312.98,7.2
2017/8/21,27154.68,3938.38,313.17,7.18
2017/8/22,27401.67,3956.38,311.25,7.14
2017/8/24,27518.6,3940.23,314.51,7.13
2017/8/25,27848.16,3980.56,315.47,7.14
2017/8/28,27863.29,3993.82,310.29,7.03
2017/8/29,27765.01,4006.24,307.21,7.32
2017/8/30,28094.61,4036.61,313.75,7.22
2017/8/31,27970.3,4074.49,316.05,7.36
2017/9/1,27953.16,4070.61,313.36,7.29
2017/9/4,27740.26,4085.54,309.33,7.23
2017/9/5,27741.35,4129.85,309.13,8.11
2017/9/6,27613.76,4120.33,311.44,7.83
2017/9/7,27522.92,4106.53,307.98,7.9
2017/9/8,27668.47,4090,309.13,7.68
2017/9/11,27955.13,4109.03,317.78,7.67
2017/9/12,27972.24,4147.45,319.89,7.74
2017/9/13,27894.08,4186.45,320.85,8.03
2017/9/14,27777.2,4160,323.74,8.22
2017/9/15,27807.59,4143.37,325.47,8.17
2017/9/18,28159.77,4205.66,332.38,8.6
2017/9/19,28051.41,4175.1,330.65,8.6
2017/9/20,28127.8,4203.75,332.77,8.91
2017/9/21,28110.33,4223.39,333.53,8.76
2017/9/22,27880.53,4187.8,332.57,8.63
2017/9/25,27500.34,4060.31,328.16,8.16
2017/9/26,27513.01,4052.23,324.31,8.25
2017/9/27,27642.43,4137.78,325.08,8.46
2017/9/28,27421.6,4122,319.89,8.77
2017/9/29,27554.3,4163.34,322.97,8.82
2017/10/3,28173.21,4237.43,333.15,8.8
2017/10/4,28379.18,4247.79,335.65,8.83
2017/10/6,28458.04,4319.21,338.15,9.33
2017/10/9,28326.59,4339.13,335.26,9.95
2017/10/10,28490.83,4415.3,337.38,9.93
2017/10/11,28389.57,4340.28,337.76,9.73
2017/10/12,28459.03,4358.13,336.42,9.5
2017/10/13,28476.43,4413.73,335.46,10.06
2017/10/16,28692.8,4440.35,341.6,9.99
2017/10/17,28697.49,4436.94,340.84,10.14
2017/10/18,28711.76,4403.98,340.64,10.12
2017/10/19,28159.09,4287.66,332.57,9.78
2017/10/20,28487.24,4392.23,335.84,10.44
2017/10/23,28305.88,4393.22,334.88,10.8
2017/10/24,28154.97,4318.17,333.73,10.7
2017/10/25,28302.89,4353.87,338.15,10.84
2017/10/26,28202.38,4333.83,333.34,10.76
2017/10/27,28438.85,4316.14,334.11,11.04
2017/10/30,28336.19,4394.34,335.84,11.58
2017/10/31,28245.54,4404.01,336.03,11.96
2017/11/1,28594.06,4491.06,345.83,12.98
2017/11/2,28518.64,4467.1,347.56,12.66
2017/11/3,28603.61,4496.73,353.52,13.86
2017/11/6,28596.8,4578.53,362.16,14.14
2017/11/7,28994.34,4607.01,375.61,13.8
2017/11/8,28907.6,4585.73,370.42,13.24
2017/11/9,29136.57,4681.66,372.54,14.16
2017/11/10,29120.92,4713.35,370.23,13.84
2017/11/13,29182.18,4801.98,372.34,14.36
2017/11/14,29152.12,4738.86,372.73,13.56
2017/11/15,28851.69,4595.54,367.93,11.7
2017/11/16,29018.76,4613,376.38,11.52
2017/11/17,29199.04,4584.92,387.52,11.08
2017/11/20,29260.31,4638.99,403.47,11.76
2017/11/21,29818.07,4675.12,413.08,11.7
2017/11/22,30003.49,4719.84,410,12.36
2017/11/23,29707.94,4630.1,403.09,12.04
2017/11/24,29866.32,4624.87,399.43,11.9
2017/11/27,29686.19,4527.56,395.21,11.42
2017/11/28,29680.85,4578.05,402.7,11.2
2017/11/29,29623.83,4533.27,395.4,10.84
2017/11/30,29177.35,4435.59,382.34,10.9
2017/12/1,29074.24,4413.23,369.85,11.32
2017/12/4,29138.28,4448.5,373.11,11.2
2017/12/5,28842.8,4331.86,361.2,10.52
2017/12/6,28224.8,4171.38,351.59,10.3
2017/12/7,28303.19,4188.08,363.12,10.28
2017/12/8,28639.85,4301.02,378.49,10.72
2017/12/11,28965.29,4361.67,389.44,10.82
2017/12/12,28793.88,4287.87,377.72,10.94
2017/12/13,29222.1,4310.37,380.03,11.24
2017/12/14,29166.38,4296.74,381.57,11.02
2017/12/15,28848.11,4272.02,373.69,11.28
2017/12/18,29050.41,4230.54,378.68,11.04
2017/12/19,29253.66,4315.23,385.41,11.52
2017/12/20,29234.09,4306.39,381.76,11.66
2017/12/21,29367.06,4358.05,384.06,11.78
2017/12/22,29578.01,4405.01,389.83,12.02
2017/12/27,29597.66,4387.97,385.41,12.34
2017/12/28,29863.71,4499.38,392.13,13.18
2017/12/29,29919.15,4513.05,390.02,13.52
2018/1/2,30515.31,4559.62,401.36,12.62
2018/1/3,30560.95,4605.84,405.58,12.52
2018/1/4,30736.48,4650.78,414.8,12.76
2018/1/5,30814.64,4654.56,416.15,12.46
2018/1/8,30899.53,4668.76,421.34,12.36
2018/1/9,31011.41,4700.41,426.33,12.64
2018/1/10,31073.72,4654.62,423.07,12.34
2018/1/11,31120.39,4685.93,412.5,12.54
2018/1/12,31412.54,4696.23,424.8,12.42
2018/1/15,31338.87,4558.74,416.15,11.76
2018/1/16,31904.75,4607.01,426.72,11.62
2018/1/17,31983.41,4579.06,431.33,11.42
2018/1/18,32121.94,4544.57,430.18,11.24
2018/1/19,32254.89,4593.18,434.59,11.48
2018/1/22,32393.41,4649.77,441.9,11.52
2018/1/23,32930.7,4656.9,455.92,11.42
2018/1/24,32958.69,4653.17,450.54,11.86
2018/1/25,32654.45,4606.92,439.97,11.76
2018/1/26,33154.12,4627.47,452.65,11.5
2018/1/29,32966.89,4526.5,453.04,11.24
2018/1/30,32607.29,4481.92,443.62,11.2
2018/1/31,32887.27,4513.51,445.35,11.34
2018/2/1,32642.09,4470.62,441.9,10.98
2018/2/2,32601.78,4508.91,434.59,11.04
2018/2/5,32245.22,4442.4,423.64,10.84
2018/2/6,30595.42,4177.39,393.86,10.14
2018/2/7,30323.2,4177.18,398.47,9.93
2018/2/8,30451.27,4224.39,403.66,9.98
2018/2/9,29507.42,4081.46,391.37,9.75
2018/2/12,29459.63,4080.67,393.48,8.86
2018/2/13,29839.53,4171.8,405.77,9
2018/2/14,30515.6,4230.66,416.53,9.22
2018/2/15,31115.43,4322.71,429.41,9.36
2018/2/20,30873.63,4384.74,428.25,9.48
2018/2/21,31431.89,4440.17,439.97,9.97
2018/2/22,30965.68,4403.52,428.83,10.14
2018/2/23,31267.17,4436.76,435.55,10.18
2018/2/26,31498.6,4503.63,435.17,10.66
2018/2/27,31268.66,4474.75,428.45,10.44
2018/2/28,30844.72,4466.3,415.19,10.54
2018/3/1,31044.25,4526.75,429.41,10.58
2018/3/2,30583.45,4461.22,418.84,10.46
2018/3/5,29886.39,4375.96,408.27,10.42
2018/3/6,30510.73,4473.96,421.34,10.86
2018/3/7,30196.92,4445.99,417.11,10.78
2018/3/8,30654.52,4503.72,425.56,10.92
2018/3/9,30996.21,4573.82,429.41,11.14
2018/3/12,31594.33,4653.25,441.9,11.4
2018/3/13,31601.45,4651.62,444.58,11.14
2018/3/14,31435.01,4644.38,445.35,11.02
2018/3/15,31541.1,4641.13,450.16,11.04
2018/3/16,31501.97,4637.16,446.89,10.98
2018/3/19,31513.76,4632.45,443.62,10.98
2018/3/20,31549.93,4662.02,448.24,11.08
2018/3/21,31414.52,4593.94,444.39,10.86
2018/3/22,31071.05,4493.23,422.11,10.58
2018/3/23,30309.29,4332.17,403.47,10.18
2018/3/26,30548.77,4373.61,409.81,10.34
2018/3/27,30790.83,4439.68,415.19,10.68
2018/3/28,30022.53,4267.29,395.98,10.24
2018/3/29,30093.38,4263.29,393.48,10.26
2018/4/3,30180.1,4279.14,393.29,10.64
2018/4/4,29518.69,4147.64,381.95,10.2
2018/4/6,29844.94,4144.48,389.83,10.06
2018/4/9,30229.58,4227.06,393.86,10.14
2018/4/10,30728.74,4314.31,400.78,10.26
2018/4/11,30897.71,4302.62,403.09,10.12
2018/4/12,30831.28,4269.92,396.94,10.04
2018/4/13,30808.38,4237.19,391.94,9.99
2018/4/16,30315.59,4212.82,387.14,9.79
2018/4/17,30062.75,4124.11,381.57,9.49
2018/4/18,30284.25,4139.87,384.26,10.42
2018/4/19,30708.44,4189.83,389.83,10.72
2018/4/20,30418.33,4099.9,384.45,10.64
2018/4/23,30254.4,4060.84,378.49,10.34
2018/4/24,30636.24,4094.16,380.99,10.32
2018/4/25,30328.15,4047.05,371.58,9.97
2018/4/26,30007.68,3935.27,367.16,9.88
2018/4/27,30280.67,3969.86,373.11,9.89
2018/4/30,30808.45,4046.48,375.61,10.12
2018/5/2,30723.88,4047.94,377.92,9.98
2018/5/3,30313.37,4046.49,369.85,10.2
2018/5/4,29926.5,4015.73,367.73,10.32
2018/5/7,29994.26,4007.4,365.04,10.44
2018/5/8,30402.81,4086.3,375.23,10.34
2018/5/9,30536.14,4110.57,379.07,10.18
2018/5/10,30809.22,4174.54,390.21,10.78
2018/5/11,31122.06,4172.01,392.71,10.56
2018/5/14,31541.08,4217.89,395.59,10.78
2018/5/15,31152.03,4173.55,382.34,10.66
2018/5/16,31110.2,4181.93,380.61,10.6
2018/5/17,30942.15,4206.16,394.82,10.48
2018/5/18,31047.91,4206.21,395.65,10.42
2018/5/21,31234.35,4245.87,392.77,10.4
2018/5/23,30665.64,4234.81,391.8,10.2
2018/5/24,30760.41,4276.85,391.8,10.36
2018/5/25,30588.04,4254.25,388.92,10.16
2018/5/28,30792.26,4305.9,390.07,10.12
2018/5/29,30484.58,4269.31,386.99,10.16
2018/5/30,30056.79,4232.08,380.25,10.1
2018/5/31,30468.56,4275.49,384.3,10.26
2018/6/1,30492.91,4259.49,388.92,10.34
2018/6/4,30997.98,4323.92,399.51,10.54
2018/6/5,31093.45,4377.46,404.32,10.56
2018/6/6,31259.1,4467.8,409.13,10.68
2018/6/7,31512.63,4451.01,413.17,10.46
2018/6/8,30958.21,4381.8,399.51,10.32
2018/6/11,31063.7,4430.29,403.36,10.58
2018/6/12,31103.06,4441.16,401.82,10.78
2018/6/13,30725.15,4344.69,399.7,11.28
2018/6/14,30440.17,4273.2,396.62,11.48
2018/6/15,30309.49,4244.7,394.69,11.16
2018/6/19,29468.15,4046.16,381.98,10.7
2018/6/20,29696.17,4093.16,385.26,10.8
2018/6/21,29296.05,4058.86,381.98,11.16
2018/6/22,29338.7,4088.76,382.56,11.3
2018/6/25,29254.44,4026.27,374.28,10.98
2018/6/26,28881.4,4002.74,371.59,11.28
2018/6/27,28356.26,3850.58,363.31,10.24
2018/6/28,28497.32,3860.07,364.85,9.9
2018/6/29,28955.11,4019.65,379.1,10.2
2018/7/3,28545.57,3966.84,376.21,10.18
2018/7/4,28241.67,3860.35,368.7,9.7
2018/7/5,28182.09,3820.32,371.2,9.38
2018/7/6,28315.62,3837.45,372.17,9.31
2018/7/9,28688.5,3933.33,381.21,9.46
2018/7/10,28682.25,3885.56,372.36,9.3
2018/7/11,28311.69,3847.12,365.23,9.27
2018/7/12,28480.83,3969.3,365.81,9.66
2018/7/13,28525.44,4025.2,366.77,9.8
2018/7/16,28539.66,4051.08,367.16,9.72
2018/7/17,28181.68,3996.58,361.77,9.54
2018/7/18,28117.42,3977.09,363.89,9.51
2018/7/19,28010.86,3941.83,361.58,9.48
2018/7/20,28224.48,3940.88,362.54,9.58
2018/7/23,28256.12,3910.85,357.15,9.51
2018/7/24,28662.57,3933.55,361.19,9.68
2018/7/25,28920.9,3974.88,365.62,9.94
2018/7/26,28781.14,3926.44,360.81,9.73
2018/7/27,28804.28,3963.56,359.07,9.83
2018/7/30,28733.13,3911.02,353.49,9.65
2018/7/31,28583.01,3813.93,341.94,9.48
2018/8/1,28340.74,3821.92,341.75,9.38
2018/8/2,27714.56,3728.53,332.12,9.19
2018/8/3,27676.32,3680.09,336.74,9.02
2018/8/6,27819.56,3660.12,339.82,8.97
2018/8/7,28248.88,3737.14,343.67,9.08
2018/8/8,28359.14,3739.63,350.41,9.26
2018/8/9,28607.3,3840.78,358.69,9.45
2018/8/10,28366.62,3837.65,356.19,9.86
2018/8/13,27936.57,3755.03,347.52,9.19
2018/8/14,27752.93,3605,335.58,8.88
2018/8/15,27323.59,3465.41,323.45,8.62
2018/8/16,27100.06,3439.18,313.64,8.52
2018/8/17,27213.41,3450.55,324.42,8.51
2018/8/20,27598.02,3517.88,337.7,8.71
2018/8/21,27752.79,3639.57,337.51,8.85
2018/8/22,27927.58,3643.03,345.98,8.98
2018/8/23,27790.46,3649.47,345.6,8.84
2018/8/24,27671.87,3600.7,340.78,8.76
2018/8/27,28271.27,3690.13,347.52,9.15
2018/8/28,28351.62,3685.12,351.76,9.24
2018/8/29,28416.44,3691.64,347.33,9.11
2018/8/30,28164.05,3651.78,344.06,9.03
2018/8/31,27888.55,3632.65,327.31,9.26
2018/9/3,27712.54,3570.51,320.37,9.04
2018/9/4,27973.34,3639.52,325.96,9.13
2018/9/5,27243.85,3566.11,312.67,8.91
2018/9/6,26974.82,3508.91,302.85,8.84
2018/9/7,26973.47,3511.11,304.97,8.67
2018/9/10,26613.42,3420.89,301.89,8.52
2018/9/11,26422.55,3390.76,296.5,8.49
2018/9/12,26345.04,3374.54,296.89,8.35
2018/9/13,27014.49,3473.12,311.71,8.55
2018/9/14,27286.41,3535.91,317.68,8.71
2018/9/17,26932.85,3469.19,307.28,8.4
2018/9/18,27084.66,3492.78,306.13,8.47
2018/9/19,27407.37,3544.55,309.59,8.66
2018/9/20,27477.67,3541.34,312.1,8.62
2018/9/21,27953.58,3603.33,321.91,8.51
2018/9/24,27499.39,3548.77,315.56,8.45
2018/9/26,27816.87,3581.58,317.68,8.47
2018/9/27,27715.67,3564.18,313.25,8.36
2018/9/28,27788.52,3567.68,311.13,8.44
2018/10/2,27126.38,3525.61,305.16,8.41
2018/10/3,27091.26,3517.86,304.2,8.39
2018/10/4,26623.87,3458.51,296.89,8.26
2018/10/5,26572.57,3338.12,293.61,7.93
2018/10/8,26202.57,3250.41,287.84,7.7
2018/10/9,26172.91,3226.42,282.83,7.79
2018/10/10,26193.07,3208.64,275.71,7.49
2018/10/11,25266.37,2992.01,257.03,6.92
2018/10/12,25801.49,3081,277.63,7.18
2018/10/15,25445.06,3021.19,272.24,6.9
2018/10/16,25462.26,3027.78,270.89,6.81
2018/10/18,25454.55,3030.45,270.51,6.76
2018/10/19,25561.4,3051.61,271.47,6.68
2018/10/22,26153.15,3138.67,280.33,6.83
2018/10/23,25346.55,3022.56,267.43,6.45
2018/10/24,25249.78,2980.59,265.5,6.23
2018/10/25,24994.46,2922.64,258.96,6.04
2018/10/26,24717.63,2862.83,250.29,5.99
2018/10/29,24812.04,2839.81,250.29,6
2018/10/30,24585.53,2806,242.78,5.99
2018/10/31,24979.69,2919.65,257.03,6.47
2018/11/1,25416,3021.08,267.43,6.57
2018/11/2,26486.35,3220.22,292.26,7.27
2018/11/5,25934.39,3136.77,281.48,7.13
2018/11/6,26120.96,3141.22,281.1,6.94
2018/11/7,26147.69,3151.06,282.45,6.88
2018/11/8,26227.72,3123.75,282.64,6.56
2018/11/9,25601.92,3081.06,268.78,6.35
2018/11/12,25633.18,3069.14,260.5,6.5
2018/11/13,25792.87,3081.38,264.15,6.41
2018/11/14,25654.43,3066.9,262.04,6.34
2018/11/15,26103.34,3141.73,277.25,6.7
2018/11/16,26183.53,3178.18,279.56,6.86
2018/11/19,26372,3206.23,280.33,6.85
2018/11/20,25840.34,3122.37,271.09,6.65
2018/11/21,25971.47,3154.1,278.79,7.04
2018/11/22,26019.41,3144.94,283.99,7.05
2018/11/23,25927.68,3081.11,280.33,6.95
2018/11/26,26376.18,3091.68,286.87,6.99
2018/11/27,26331.96,3111.67,292.46,7.2
2018/11/28,26682.56,3179.72,303.05,7.24
2018/11/29,26451.03,3152.11,300.35,7.16
2018/11/30,26506.75,3156.36,300.35,7.19
2018/12/3,27182.04,3244.63,312.67,7.42
2018/12/4,27260.44,3252.74,316.14,7.62
2018/12/5,26819.68,3180.41,309.01,7.44
2018/12/6,26156.38,3072.58,292.84,7.15
2018/12/7,26063.76,3067.63,299,7.29
2018/12/10,25752.38,3005.65,296.5,7.44
2018/12/11,25771.67,3045.11,299.58,7.44
2018/12/12,26186.71,3083.77,304.97,7.52
2018/12/13,26524.35,3106.97,306.7,7.52
2018/12/14,26094.79,3040.61,297.27,7.45
2018/12/17,26087.98,3034.94,297.27,7.52
2018/12/18,25814.25,2973.83,291.49,7.41
2018/12/19,25865.39,2969.22,291.69,7.42
2018/12/20,25623.53,2916.7,290.34,7.12
2018/12/21,25753.42,2889.96,303.43,6.85
2018/12/24,25651.38,2870.72,299,6.83
2018/12/27,25478.88,2841.5,298.04,6.76
2018/12/28,25504.2,2860.32,298.43,6.87
2018/12/31,25845.7,2904.82,302.28,6.85
2019/1/2,25130.35,2824.9,295.15,6.58
2019/1/3,25064.36,2775.28,293.61,6.43
2019/1/4,25626.03,2791.03,299,6.31
2019/1/7,25835.7,2835.2,305.74,6.33
2019/1/8,25875.45,2854.81,303.82,6.32
2019/1/9,26462.32,2896.98,315.37,6.53
2019/1/10,26521.43,2922.77,316.72,6.56
2019/1/11,26667.27,2951.31,318.83,6.57
2019/1/14,26298.33,2915.57,309.78,6.37
2019/1/15,26830.29,2979.02,317.68,6.59
2019/1/16,26902.1,2967.87,318.64,6.56
2019/1/17,26755.63,2949.19,318.83,6.51
2019/1/18,27090.81,3028.14,324.42,6.79
2019/1/21,27196.54,3050.58,327.31,7.11
2019/1/22,27005.45,3000.7,323.26,6.92
2019/1/23,27008.2,2989.94,320.76,6.87
2019/1/24,27120.98,3032.11,317.87,7.37
2019/1/25,27569.19,3102.94,330.96,7.39
2019/1/28,27576.96,3083.22,328.85,7.23
2019/1/29,27531.68,3101.18,329.62,7.41
2019/1/30,27642.85,3101.28,331.35,7.31
2019/1/31,27942.47,3149.37,333.08,7.39
2019/2/1,27930.74,3179.82,335.01,7.37
2019/2/4,27990.21,3186.11,334.62,7.36
2019/2/8,27946.32,3225.61,332.7,7.45
2019/2/11,28143.84,3289.06,338.86,7.64
2019/2/12,28171.33,3291.08,338.28,8.2
2019/2/13,28497.59,3367.31,334.81,8.2
2019/2/14,28432.05,3380.82,329.04,8.27
2019/2/15,27900.84,3279.12,321.34,8.03
2019/2/18,28347.01,3350.41,327.11,8.18
2019/2/19,28228.13,3279.37,324.22,7.85
2019/2/20,28514.05,3332.52,328.27,7.95
2019/2/21,28629.92,3420.52,330.39,8.04
2019/2/22,28816.3,3558.75,331.16,8.48
2019/2/25,28959.3,3562.91,330.96,8.48
2019/2/26,28772.06,3495.06,330.19,8.34
2019/2/27,28757.44,3456.33,327.5,8.07
2019/2/28,28633.18,3432.78,323.26,7.95
2019/3/1,28812.17,3499.03,323.65,8.12
2019/3/4,28959.59,3566.86,333.85,8.25
2019/3/5,28961.6,3616.78,347.91,8.44
2019/3/6,29037.6,3640.7,348.48,8.26
2019/3/7,28779.45,3552.52,341.94,8.05
2019/3/8,28228.42,3464.43,334.04,8.05
2019/3/11,28503.3,3542.75,341.55,8.5
2019/3/12,28920.87,3543.21,347.52,8.45
2019/3/13,28807.45,3489.77,345.02,8.34
2019/3/14,28851.39,3438.42,344.25,8.15
2019/3/15,29012.26,3466.05,345.6,8.09
2019/3/18,29409.01,3490.44,355.03,8.07
2019/3/19,29466.28,3484.12,356.19,8.14
2019/3/20,29320.97,3459.28,356.19,7.84
2019/3/21,29071.56,3428.77,349.45,7.85
2019/3/22,29113.36,3465.43,351.37,7.83
2019/3/25,28523.35,3418.01,340.59,7.73
2019/3/26,28566.91,3409.66,338.28,7.67
2019/3/27,28728.25,3437.15,341.36,7.67
2019/3/28,28775.21,3443.93,340.78,7.81
2019/3/29,29051.36,3453.13,347.52,7.94
2019/4/1,29562.02,3471.56,351.37,7.88
2019/4/2,29624.67,3499.19,352.33,8.13
2019/4/3,29986.39,3541.45,363.89,8.13
2019/4/4,29936.32,3535.42,361.96,8.08
2019/4/8,30077.15,3519.11,366,8.01
2019/4/9,30157.49,3595.51,369.28,7.99
2019/4/10,30119.56,3648.49,374.28,7.97
2019/4/11,29839.45,3582.61,376.79,7.78
2019/4/12,29909.76,3602.46,379.1,7.93
2019/4/15,29810.72,3589.97,373.71,7.96
2019/4/16,30129.87,3617.7,378.9,7.94
2019/4/17,30124.68,3678.2,380.83,8.15
2019/4/18,29963.26,3677.5,376.98,8.37
2019/4/23,29963.24,3655.83,378.33,8.3
2019/4/24,29805.83,,378.33,8.31
2019/4/25,29549.8,3555.85,368.51,8.09
2019/4/26,29605.01,3585.37,369.66,8.16
2019/4/29,29892.81,3573.42,376.02,8.2
2019/4/30,29699.11,3566.55,373.51,8.39
2019/5/2,29944.18,3563.29,376.79,8.51
2019/5/3,30081.55,3597.78,373.32,9.12
2019/5/6,29209.82,3408.41,361.58,8.4
2019/5/7,29363.02,3420.5,366.58,8.33
2019/5/8,29003.2,3360.1,370.43,8.04
2019/5/9,28311.07,3264.59,361.58,8.03
2019/5/10,28550.24,3332.31,367.74,8.23
2019/5/14,28122.02,3227.77,356.76,8
2019/5/15,28268.71,3319.15,360.04,8.24
2019/5/16,28275.07,3254.93,351.95,8.03
2019/5/17,27946.46,3168.38,343.44,8.03
2019/5/20,27787.61,3100.98,330.12,8.67
2019/5/21,27657.24,3115.11,329.35,8.58
2019/5/22,27705.94,3165.13,327.23,9.07
2019/5/23,27267.13,3048.91,314.68,8.8
2019/5/24,27353.93,3054.41,313.52,8.42
2019/5/27,27288.09,3073.49,312.55,9.27
2019/5/28,27390.81,3106.27,314.29,9.27
2019/5/29,27235.71,3088.45,310.82,9.09
2019/5/30,27114.88,3076.79,313.13,9.32
2019/5/31,26901.09,3075.78,314.68,9.43
2019/6/3,26893.86,3059.77,322.01,9.18
2019/6/4,26761.52,2991.49,315.84,8.84
2019/6/5,26895.44,3039.17,319.5,8.88
2019/6/6,26965.28,3007.09,318.92,8.76
2019/6/10,27578.64,3105.45,331.09,8.96
2019/6/11,27789.34,3169.2,332.63,8.98
2019/6/12,27308.46,3084.92,325.68,8.69
2019/6/13,27294.71,3081.25,322.59,8.55
2019/6/14,27118.35,3020.5,318.54,8.42
2019/6/17,27227.16,3004.93,317.57,8.23
2019/6/18,27498.77,3028.59,322.4,8.33
2019/6/19,28202.14,3140.48,335.14,8.49
2019/6/20,28550.43,3174.75,341.71,8.61
2019/6/21,28473.71,3135.95,342.09,8.45
2019/6/24,28513,3136.27,343.44,8.54
2019/6/25,28185.98,3081.97,337.27,8.33
2019/6/26,28221.98,3095.83,336.88,8.34
2019/6/27,28621.42,3168.38,340.55,8.54
2019/6/28,28542.62,3160.35,340.35,8.7
2019/7/2,28875.56,3259.66,349.81,8.86
2019/7/3,28855.14,3212.93,347.88,8.74
2019/7/4,28795.77,3192.54,347.5,8.58
2019/7/5,28774.83,3173.59,347.3,8.46
2019/7/8,28331.69,3088.64,338.81,8.4
2019/7/9,28116.28,3054.42,338.62,8.28
2019/7/10,28204.69,3092.43,344.41,8.42
2019/7/11,28431.8,3079.6,344.79,8.42
2019/7/12,28471.62,3072.42,342.67,8.26
2019/7/15,28554.88,3119,348.27,8.43
2019/7/16,28619.62,3129.26,350.01,8.48
2019/7/17,28593.17,3124.37,350.59,8.51
2019/7/18,28461.66,3089.99,344.22,8.35
2019/7/19,28765.4,3131.63,349.23,8.47
2019/7/22,28371.26,3101.03,345.18,8.51
2019/7/23,28466.48,3137.74,346.15,8.81
2019/7/24,28524.04,3172.22,352.9,8.73
2019/7/25,28594.3,3235.99,359.47,9.11
2019/7/26,28397.74,3188.44,357.34,9.02
2019/7/29,28106.41,3183.79,359.27,9.12
2019/7/30,28146.5,3181.59,360.24,9.22
2019/7/31,27777.75,3151.64,355.41,9.29
2019/8/1,27565.7,3136.31,357.15,9.18
2019/8/2,26918.58,3004.02,343.44,8.79
2019/8/5,26151.32,2914.15,328.77,8.65
2019/8/6,25976.24,2880.25,325.49,8.58
2019/8/7,25997.03,2875.42,326.84,8.46
2019/8/8,26120.77,2924.47,330.51,8.66
2019/8/9,25939.3,2898.59,326.65,8.91
2019/8/12,25824.72,2906.97,328.19,8.87
2019/8/13,25281.3,2831.98,322.4,8.39
2019/8/14,25302.28,2872.27,328.19,8.5
2019/8/15,25495.46,2848.38,318.92,8.3
2019/8/16,25734.22,2868.18,315.06,8.36
2019/8/19,26291.84,2949.11,325.1,8.5
2019/8/20,26231.54,2962.76,321.82,8.63
2019/8/21,26270.04,2951.69,321.05,9.1
2019/8/22,26048.72,2926.21,319.5,8.99
2019/8/23,26179.33,2923.03,322.59,8.91
2019/8/26,25680.33,2868.02,314.68,8.73
2019/8/27,25664.07,2872.8,314.87,8.77
2019/8/28,25615.48,2848.64,307.92,8.7
2019/8/29,25703.5,2833.14,309.08,8.6
2019/8/30,25724.73,2841.87,313.52,8.62
2019/9/2,25626.55,2857.33,319.7,8.79
2019/9/3,25527.85,2868.22,317.77,8.71
2019/9/4,26523.23,2909.73,329.35,8.81
2019/9/5,26515.53,3010.03,329.54,9.19
2019/9/6,26690.76,3047.7,331.47,9.23
2019/9/9,26681.4,3085.46,330.51,9.89
2019/9/10,26683.68,3063.29,328.38,9.72
2019/9/11,27159.06,3060.7,333.98,9.7
2019/9/12,27087.63,3116.11,337.27,9.82
2019/9/13,27352.69,3142.33,337.46,10.14
2019/9/16,27124.55,3141.67,334.56,10.56
2019/9/17,26790.24,3082.61,331.67,10.3
2019/9/18,26754.12,3127.74,331.09,10.62
2019/9/19,26468.95,3129.35,326.65,10.56
2019/9/20,26435.67,3145.42,325.87,10.72
2019/9/23,26222.4,3099.39,324.14,10.42
2019/9/24,26281,3094.49,323.94,10.6
2019/9/25,25945.35,3029.85,316.99,10.16
2019/9/26,26041.93,3037.7,320.86,9.93
2019/9/27,25954.81,3043.29,317.96,9.89
2019/9/30,26092.27,3010.62,318.73,9.8
2019/10/2,26042.69,3036.4,313.71,9.94
2019/10/3,26110.31,3064.2,313.91,9.92
2019/10/4,25821.03,3043.2,311.59,9.64
2019/10/8,25893.4,3028.63,312.55,9.54
2019/10/9,25682.81,2991.39,307.15,9.53
2019/10/10,25707.93,3053.05,307.73,9.72
2019/10/11,26308.44,3089.66,313.52,9.8
2019/10/14,26521.85,3116.62,316.8,9.87
2019/10/15,26503.93,3100.85,317.38,9.68
2019/10/16,26664.28,3091.69,319.5,9.72
2019/10/17,26848.49,3103.11,319.5,9.74
2019/10/18,26719.58,3105.37,319.5,9.69
2019/10/21,26725.68,3114.09,313.52,9.76
2019/10/22,26786.2,3093.96,316.22,9.76
2019/10/23,26566.73,3082.23,308.89,9.64
2019/10/24,26797.95,3080.77,307.92,9.45
2019/10/25,26667.39,3093.81,305.6,9.56
2019/10/28,26891.26,3144.69,310.82,9.69
2019/10/29,26786.76,3133.36,305.99,9.69
2019/10/30,26667.71,3125.73,305.22,9.42
2019/10/31,26906.72,3149.35,309.66,9.99
2019/11/1,27100.76,3172.04,310.43,10.1
2019/11/4,27547.3,3233.13,316.22,10.36
2019/11/5,27683.4,3267.79,321.43,10.4
2019/11/6,27688.64,3259.01,322.4,10.3
2019/11/7,27847.23,3260,322.01,9.83
2019/11/8,27651.14,3218.85,315.84,9.84
2019/11/11,26926.55,3130.44,311.78,9.69
2019/11/12,27065.28,3180.5,318.73,9.72
2019/11/13,26571.46,3154.12,316.03,10.34
2019/11/14,26323.69,3164.94,308.69,10.9
2019/11/15,26326.66,3150.66,308.89,10.6
2019/11/18,26681.09,3160.35,318.54,10.6
2019/11/19,27093.8,3194.12,324.91,10.18
2019/11/20,26889.61,3179.3,323.94,10.14
2019/11/21,26466.88,3116.63,317.96,10.06
2019/11/22,26595.08,3133.63,322.01,10.12
2019/11/25,26993.04,3154.15,327.03,10.14
2019/11/26,26913.92,3140.51,323.94,10.06
2019/11/27,26954,3152.61,323.37,10.22
2019/11/28,26893.73,3160.21,326.26,10.34
2019/11/29,26346.49,3107.86,320.28,9.98
2019/12/2,26444.72,3102.4,321.43,10.1
2019/12/3,26391.3,3105.19,319.5,10.1
2019/12/4,26062.56,3102.34,317.19,10.36
2019/12/5,26217.04,3154.18,318.54,10.62
2019/12/6,26498.37,3208.28,323.94,10.78
2019/12/9,26494.73,3204.41,324.52,10.82
2019/12/10,26436.62,3219.11,325.1,11.14
2019/12/11,26645.43,3235.26,328.19,11.14
2019/12/12,26994.14,3276.77,336.88,11.14
2019/12/13,27687.76,3310.4,348.46,11.22
2019/12/16,27508.09,3333.92,347.3,11.34
2019/12/17,27843.71,3356.76,358.31,11.36
2019/12/18,27884.21,3337.65,364.49,11.38
2019/12/19,27800.49,3318.03,362.56,11.2
2019/12/20,27871.35,3293.18,362.17,11.16
2019/12/23,27906.41,3294.9,364.68,10.96
2019/12/24,27864.21,3334.2,363.71,11.42
2019/12/27,28225.42,3369.96,370.66,11.82
2019/12/30,28319.39,3358.71,369.89,11.76
2019/12/31,28189.75,3362.38,362.56,11.94
2020/1/2,28543.52,3452.14,369.12,12.7
2020/1/3,28451.5,3464.72,369.7,12.64
2020/1/6,28226.19,3446.1,364.29,13.04
2020/1/7,28322.06,3441.77,372.21,12.6
2020/1/8,28087.92,3414.68,368.73,12.72
2020/1/9,28561,3498.09,376.46,13
2020/1/10,28638.2,3557.43,384.76,12.96
2020/1/13,28954.94,3646.46,392.29,13.68
2020/1/14,28885.14,3629.99,386.49,13.64
2020/1/15,28773.59,3681.99,384.95,14.4
2020/1/16,28883.04,3739.74,386.11,15.28
2020/1/17,29056.42,3820.76,385.14,15.44
2020/1/20,28795.91,3851.81,382.25,15.88
2020/1/21,27985.33,3688.74,372.01,15
2020/1/22,28341.04,3790.1,377.42,16.1
2020/1/23,27909.12,3670.14,372.21,15.5
2020/1/24,27949.64,3711.73,372.4,16.14
2020/1/29,27160.63,3599.51,369.89,15.62
2020/1/30,26449.13,3395.01,361.98,14.08
2020/1/31,26312.63,3396.18,360.05,14.3
2020/2/3,26356.98,3433.73,366.8,14.72
2020/2/4,26675.98,3552.43,379.35,15.48
2020/2/5,26786.74,3616.38,378.58,16.8
2020/2/6,27493.7,3701.49,386.11,17.18
2020/2/7,27404.27,3756.51,388.42,17.36
2020/2/10,27241.34,3712.63,386.69,16.76
2020/2/11,27583.88,3686.74,394.8,16.46
2020/2/12,27823.66,3744.07,396.73,16.22
2020/2/13,27730,3777.62,401.94,17.28
2020/2/14,27815.6,3717.07,400.59,16.26
2020/2/17,27959.6,3748.44,402.13,16.14
2020/2/18,27530.2,3669.72,394.02,15.18
2020/2/19,27655.81,3689.37,397.11,15.72
2020/2/20,27609.16,3727.66,395.76,15.74
2020/2/21,27308.81,3668.08,387.07,15.22
2020/2/24,26820.88,3646.36,376.84,15.5
2020/2/25,26893.23,3686.36,387.65,16.62
2020/2/26,26696.49,3598.15,385.72,16.02
2020/2/27,26778.62,3630.44,385.34,16.04
2020/2/28,26129.93,3471.95,372.59,15.1
2020/3/2,26291.68,3536.88,376.07,15.22
2020/3/3,26284.82,3548.74,380.32,15.1
2020/3/4,26222.07,3519.29,380.32,14.7
2020/3/5,26767.87,3575.4,392.09,14.98
2020/3/6,26146.67,3532.59,382.05,15.26
2020/3/9,25040.46,3324.67,364.29,13.96
2020/3/10,25392.51,3372.39,369.7,14.32
2020/3/11,25231.61,3308.93,365.26,13.82
2020/3/12,24309.07,3157.36,350.97,13.16
2020/3/13,24032.91,3173.06,352.32,13.56
2020/3/16,23063.57,2921.19,329.93,12
2020/3/17,23263.73,2919.16,337.65,12.24
2020/3/18,22291.82,2768.29,322.4,11.66
2020/3/19,21709.13,2742.67,331.09,11.9
2020/3/20,22805.07,2888.39,347.11,12.16
2020/3/23,21696.13,2766.72,335.91,11.38
2020/3/24,22663.49,2879.8,352.52,12.12
2020/3/25,23527.19,3030.64,366.8,12.66
2020/3/26,23352.34,3026.21,368.54,12.5
2020/3/27,23484.28,3018.29,369.12,12.14
2020/3/30,23175.11,2943.04,363.52,11.78
2020/3/31,23603.48,3035.85,367,12.2
2020/4/1,23085.79,3000.45,361.4,12.14
2020/4/2,23280.06,3035.6,366.61,12.46
2020/4/3,23236.11,2989.93,363.33,12.18
2020/4/6,23749.12,3070.62,368.15,12.78
2020/4/7,24253.29,3157.8,374.14,13.28
2020/4/8,23970.37,3143.87,371.63,13.96
2020/4/9,24300.33,3164.55,377.81,13.96
2020/4/14,24435.4,3165.01,381.28,14.04
2020/4/15,24145.34,3187.53,381.28,14.32
2020/4/16,24006.45,3241.4,392.67,14.94
2020/4/17,24380,3280.13,395.37,15.04
2020/4/20,24330.02,3305.08,394.41,15.58
2020/4/21,23793.55,3234.98,386.69,14.82
2020/4/22,23893.36,3256.77,395.18,15
2020/4/23,23977.32,3246.72,397.3,14.56
2020/4/24,23831.33,3155.75,392.29,14.04
2020/4/27,24280.14,3191.95,398.66,14.06
2020/4/28,24575.96,3245.39,402.71,14.98
2020/4/29,24643.59,3237.63,402.52,14.82
2020/5/4,23613.8,3155.77,386.11,15.2
2020/5/5,23868.66,3198.99,391.9,15.26
2020/5/6,24137.48,3311.53,395.76,16.9
2020/5/7,23980.63,3312.81,393.06,16.94
2020/5/8,24230.17,3371.88,403.68,17.04
2020/5/11,24602.06,3382.46,419.89,17.04
2020/5/12,24245.68,3411.13,416.03,17.14
2020/5/13,24180.3,3399.66,414.68,17.18
2020/5/14,23829.74,3423.11,415.64,18.84
2020/5/15,23797.47,3460.88,407.71,19.16
2020/5/18,23934.77,3407.79,409.46,17.94
2020/5/19,24388.13,3508.66,416.23,19.3
2020/5/20,24399.95,3538.55,425.91,18.82
2020/5/21,24280.03,3454.35,419.52,17.5
2020/5/22,22930.14,3268.96,399.19,16.92
2020/5/25,22952.24,3325.56,403.26,17.58
2020/5/26,23384.66,3384.35,411.78,17.46
2020/5/27,23301.36,3325.23,406.55,17.4
2020/5/28,23132.76,3249.79,395.13,16.64
2020/5/29,22961.47,3301.23,397.26,16.84
2020/6/1,23732.52,3439.71,415.26,18.18
2020/6/2,23995.94,3462.24,416.62,18.7
2020/6/3,24325.62,3507,418.75,18.74
2020/6/4,24366.3,3501.09,421.07,18.68
2020/6/5,24770.41,3559.74,420.3,19.7
2020/6/8,24776.77,3563.11,416.23,19.86
2020/6/9,25057.22,3580.37,419.91,19.44
2020/6/10,25049.73,3597.44,431.91,18.84
2020/6/11,24480.15,3544.86,428.23,18.76
2020/6/12,24301.38,3536.32,426.88,19.38
2020/6/15,23776.95,3495.75,419.72,19.08
2020/6/16,24344.09,3679.85,434.43,21.35
2020/6/17,24481.41,3723.53,436.17,21.7
2020/6/18,24464.94,3833.75,443.33,23.2
2020/6/19,24643.89,3848.95,445.66,22.9
2020/6/22,24511.34,3877.04,459.02,24.2
2020/6/23,24907.34,3999.31,481.47,26.45
2020/6/24,24781.58,4044.46,475.08,27.45
2020/6/26,24549.99,4061.67,469.47,28.6
2020/6/29,24301.28,3976.51,470.44,26.6
2020/6/30,24427.19,4012.09,482.63,27
2020/7/2,25124.19,4197.62,501.9,31.6
2020/7/3,25373.12,4296.81,507.71,33.25
2020/7/6,26339.16,4510.75,503.35,40.1
2020/7/7,25975.66,4387.16,499.48,36.55
2020/7/8,26129.18,4618.98,525.61,39.9
2020/7/9,26210.16,4882.08,544.97,39.95
2020/7/10,25727.41,4854.15,529,41.25
2020/7/13,25772.12,4921.18,523.68,41.95
2020/7/14,25477.89,4752.15,508.19,41.8
2020/7/15,25481.58,4674.18,525.61,38.45
2020/7/16,24970.69,4250.86,496.57,28.75
2020/7/17,25089.17,4324.41,504.32,29
2020/7/20,25057.99,4360.4,505.77,28.2
2020/7/21,25635.66,4625.26,545.94,29.35
2020/7/22,25057.94,4443.93,521.74,27
2020/7/23,25263,4534.62,539.16,27.7
2020/7/24,24705.33,4289.96,511.09,25.65
2020/7/27,24603.26,4224.07,503.35,24.85
2020/7/28,24772.76,4390.63,526.1,26.3
2020/7/29,24883.14,4491.34,524.16,28.6
2020/7/30,24710.59,4477.34,517.87,28.2
2020/7/31,24595.35,4514.04,516.9,29.85
2020/8/3,24458.13,4617.41,521.74,31.3
2020/8/4,24946.63,4675.74,532.39,30.5
2020/8/5,25102.54,4765.29,543.04,32
2020/8/6,24930.58,4801.86,537.71,32.75
2020/8/7,24531.62,4695.94,510.61,29.9
2020/8/10,24377.43,4566.49,485.93,27.8
2020/8/11,24890.68,4569.95,497.06,27.7
2020/8/12,25244.02,4481.17,503.83,26.85
2020/8/13,25230.67,4470.71,493.67,27.45
2020/8/14,25183.01,4472.85,490.28,27.5
2020/8/17,25347.34,4497.29,488.35,27.15
2020/8/18,25367.38,4548.94,495.61,26.6
2020/8/19,25178.91,4524.25,489.8,26.05
2020/8/20,24791.39,4518.03,491.73,26.9
2020/8/21,25113.84,4524.06,501.41,25.95
2020/8/24,25551.58,4582.94,530.45,25.7
2020/8/25,25486.22,4569.49,527.06,25.95
2020/8/26,25491.79,4544.9,533.84,24.95
2020/8/27,25281.15,4648.24,540.13,25.7
2020/8/28,25422.06,4692.41,523.19,25.75
2020/8/31,25177.05,4666.48,513.51,24.9
2020/9/1,25184.85,4728.4,521.74,25
2020/9/2,25120.09,4827.3,527.55,24.95
2020/9/3,25007.6,4755.18,516.9,24.6
2020/9/4,24695.45,4689.3,501.41,23.65
2020/9/7,24589.65,4461.49,494.64,18.24
2020/9/8,24624.34,4391.77,492.22,18.8
2020/9/9,24468.93,4317.26,487.86,18.42
2020/9/10,24313.54,4315.01,489.8,18.24
2020/9/11,24503.31,4431.69,499.48,19.48
2020/9/14,24640.28,4496.59,512.55,19.16
2020/9/15,24732.76,4516.98,512.55,19.54
2020/9/16,24725.63,4562.4,517.39,20.25
2020/9/17,24340.85,4480.73,510.13,19.94
2020/9/18,24455.41,4540.58,508.19,20.6
2020/9/21,23950.69,4432.01,499.96,20.4
2020/9/22,23716.85,4446.15,495.12,20.45
2020/9/23,23742.51,4484.69,497.54,20.15
2020/9/24,23311.07,4344.52,488.83,19.34
2020/9/25,23235.42,4260.75,487.38,18.58
2020/9/28,23476.05,4298.57,489.8,17.86
2020/9/29,23275.53,4313.39,489.31,17.7
2020/9/30,23459.05,4387.96,495.12,18.12
2020/10/5,23767.78,4404.14,508.19,17.28
2020/10/6,23980.65,4538.35,510.61,18.5
2020/10/7,24242.86,4624.77,517.87,18.96
2020/10/8,24193.35,4619.44,517.87,18.76
2020/10/9,24119.13,4614.75,522.22,18.48
2020/10/12,24649.68,4785.21,539.16,20.6
2020/10/14,24667.09,4815.34,555.14,19.96
2020/10/15,24158.54,4655.75,534.32,19.8
2020/10/16,24386.79,4697.49,539.16,19.96
2020/10/19,24542.26,4674.95,543.52,20.6
2020/10/20,24569.54,4713.65,546.42,20.55
2020/10/21,24754.42,4704.73,548.36,20.05
2020/10/22,24786.13,4712.85,545.46,20.6
2020/10/23,24918.78,4633.69,543.52,20.4
2020/10/27,24787.19,4663.7,566.27,20.8
2020/10/28,24708.8,4728.18,581.76,21.55
2020/10/29,24586.6,4761.13,585.63,22
2020/10/30,24107.42,4669.98,572.08,22.75
2020/11/2,24460.01,4706.86,582.24,22.8
2020/11/3,24939.73,4748.95,578.85,23.85
2020/11/4,24886.14,4786.53,569.66,22.3
2020/11/5,25695.92,5050.88,604.99,23.95
2020/11/6,25712.97,5034.38,594.82,24.1
2020/11/9,26016.17,5156.94,602.57,24.7
2020/11/10,26301.48,4914.94,575.95,24.2
2020/11/11,26226.98,4616.57,533.36,22.45
2020/11/12,26169.38,4763.83,558.52,22.85
2020/11/13,26156.86,4895.82,582.72,23.45
2020/11/16,26381.67,4997.02,577.88,23.4
2020/11/17,26415.09,4876.99,562.88,22.9
2020/11/18,26544.29,4888.11,570.14,23.05
2020/11/19,26356.97,4842.25,554.65,22.9
2020/11/20,26451.54,4917.51,569.17,22.75
2020/11/23,26486.2,5007.57,567.24,22.35
2020/11/24,26588.2,5029.44,565.3,22.8
2020/11/25,26669.75,4924.27,554.65,21.9
2020/11/26,26819.45,4998.73,567.24,22.05
2020/11/27,26894.68,4998.48,564.33,22.25
2020/11/30,26341.49,4925.65,544.97,21.65
2020/12/1,26567.68,4932.77,559.49,21.5
2020/12/2,26532.58,4843.78,555.62,22.25
2020/12/3,26728.5,4896.27,570.14,22.2
2020/12/4,26835.92,4908.5,569.66,21
2020/12/7,26506.85,4887.35,564.82,21.75
2020/12/8,26304.56,4955.27,564.33,22.1
2020/12/9,26502.84,4948.11,566.27,22.25
2020/12/10,26410.59,4906.7,559.49,22.25
2020/12/11,26505.87,4956.18,569.17,22.05
2020/12/14,26389.52,4970.26,552.72,22.1
2020/12/15,26207.29,4913.85,542.07,21.25
2020/12/16,26460.29,4945.1,553.2,20.2
2020/12/17,26678.38,5059.85,564.33,20.95
2020/12/18,26498.6,5004.48,561.43,19.86
2020/12/21,26306.68,4953.64,553.68,19.14
2020/12/22,26119.25,4923.03,554.17,18.96
2020/12/23,26343.1,5047.33,552.72,19.22
2020/12/24,26386.56,4961.91,538.2,19.04
2020/12/28,26314.63,4805.75,502.38,18.24
2020/12/29,26568.49,4941.4,513.51,18.22
2020/12/30,27147.11,5126.25,541.58,20.4
2020/12/31,27231.13,5227.62,545.94,22.1
2021/1/4,27472.81,5297.27,554.17,21.55
2021/1/5,27649.86,5254,564.82,19.48
2021/1/6,27692.3,5355.19,577.4,22
2021/1/7,27548.52,5234.74,550.3,22.6
2021/1/8,27878.22,5361.45,554.65,25
2021/1/11,27908.22,5327.61,572.08,25.3
2021/1/12,28276.75,5417.86,571.11,27
2021/1/13,28235.6,5410.23,576.92,26.2
2021/1/14,28496.86,5577.81,609.34,28.15
2021/1/15,28573.86,5494.9,624.35,27.65
2021/1/18,28862.77,5729.86,635.96,29.25
2021/1/19,29642.28,5827.39,634.03,29.6
2021/1/20,29962.47,6067.58,657.74,29.5
2021/1/21,29927.76,6045.22,660.65,28
2021/1/22,29447.85,6002.36,668.87,27.25
2021/1/25,30159.01,6339.12,741.96,30
2021/1/26,29391.26,6186.1,695.49,30.15
2021/1/27,29297.53,6056.87,679.04,29.2
2021/1/28,28550.77,5801.12,659.19,26.7
2021/1/29,28283.71,5791.98,659.68,26.45
2021/2/1,28892.86,6085.85,689.2,28.6
2021/2/2,29248.7,6174.31,701.3,28.05
2021/2/3,29307.46,6274.01,712.43,27.95
2021/2/4,29113.5,6145.22,711.95,27.3
2021/2/5,29288.68,6106.56,709.53,24.4
2021/2/8,29319.47,6108.16,712.92,23.6
2021/2/9,29476.19,6247.48,716.79,24.85
2021/2/10,30038.72,6423.58,736.63,24.7
2021/2/11,30173.57,6512.57,732.76,25.7
2021/2/16,30746.66,6618.76,721.14,26.5
2021/2/17,31084.94,6764.86,733.24,26.95
2021/2/18,30595.27,6572.21,723.56,27.65
2021/2/19,30644.73,6557.85,717.27,27.5
2021/2/22,30319.83,6210.76,690.65,26.1
2021/2/23,30632.64,6130.27,684.36,26.5
2021/2/24,29718.24,5816,665,25.6
2021/2/25,30074.17,5902.59,669.36,26
2021/2/26,28980.21,5579.65,641.29,25.05
2021/3/1,29452.57,5777.03,674.68,26.75
2021/3/2,29095.86,5735.76,675.65,27.75
2021/3/3,29880.42,5822.08,699.85,27.8
2021/3/4,29236.79,5520.82,667.91,27.25
2021/3/5,29098.29,5441.3,657.26,26.85
2021/3/8,28540.83,5133.12,621.93,25.45
2021/3/9,28773.23,5098.77,623.38,24.4
2021/3/10,28907.52,5219.12,637.41,24.25
2021/3/11,29385.61,5471.56,658.71,26.7
2021/3/12,28739.72,5357.37,629.67,25.5
2021/3/15,28833.76,5248.74,607.89,25.5
2021/3/16,29027.69,5412.77,610.31,25.95
2021/3/17,29034.12,5433.16,604.5,26.5
2021/3/18,29405.72,5501.46,619.99,26.45
2021/3/19,28990.94,5450.71,607.89,25.9
2021/3/22,28885.34,5449.77,613.22,26
2021/3/23,28497.38,5304.8,608.38,25.35
2021/3/24,27918.14,5154.63,603.54,24.4
2021/3/25,27899.61,5062.64,586.6,23.95
2021/3/26,28336.43,5164.32,600.15,24.15
2021/3/29,28338.3,5083.3,592.4,24.55
2021/3/30,28577.5,5187.44,589.98,24.8
2021/3/31,28378.35,5186.3,590.47,24.7
2021/4/1,28938.74,5439.83,633.06,25.9
2021/4/7,28674.8,5375.64,609.34,27.2
2021/4/8,29008.07,5358.55,600.15,26.6
2021/4/9,28698.8,5287.21,600.63,26.2
2021/4/12,28453.28,5186.88,593.86,25.2
2021/4/13,28497.25,5097.32,588.53,25.5
2021/4/14,28900.83,5214.13,603.54,26.1
2021/4/15,28793.14,5156.7,600.15,26.05
2021/4/16,28969.71,5222.07,611.76,25.75
2021/4/19,29106.15,5268.97,606.92,26.4
2021/4/20,29135.73,5249.48,602.57,25.9
2021/4/21,28621.92,5163.37,589.5,25.8
2021/4/22,28755.34,5220.51,601.12,25.9
2021/4/23,29078.75,5330.68,611.76,25.7
2021/4/26,28952.83,5345.91,608.38,25.4
2021/4/27,28941.54,5351.03,604.99,25.15
2021/4/28,29071.34,5358.22,607.89,25.05
2021/4/29,29303.26,5339.71,611.28,25.2
2021/4/30,28724.88,5224.09,603.05,25.05
2021/5/3,28357.54,5190.04,604.5,24.75
2021/5/4,28557.14,5208.87,602.08,25.25
2021/5/5,28417.98,5101.73,590.95,25.2
2021/5/6,28637.46,5115.21,590.95,25.05
2021/5/7,28610.65,5018.34,580.79,24.2
2021/5/10,28595.66,4953.12,575.95,24.05
2021/5/11,28013.81,4785.69,565.78,23
2021/5/12,28231.04,4958.98,579.34,23.8
2021/5/13,27718.67,4779.89,561.43,23.8
2021/5/14,28027.57,4755.04,564.33,23.75
2021/5/17,28194.09,4847.17,581.27,23.25
2021/5/18,28593.81,4917.99,588.05,23
2021/5/20,28450.29,4981.01,589.5,22.25
2021/5/21,28458.44,5023.63,569.66,22.4
2021/5/24,28412.26,4954.32,568.29,22.9
2021/5/25,28910.86,5024.17,592.07,23.4
2021/5/26,29166.01,5081.45,599.83,23.5
2021/5/27,29113.2,5119.69,587.7,24.8
2021/5/28,29124.41,5015.44,583.82,24.15
2021/5/31,29151.8,5138.4,600.8,24.5
2021/6/1,29468,5269.33,609.54,24.9
2021/6/2,29297.62,5224.58,610.02,24.7
2021/6/3,28966.03,5161.03,597.4,24.15
2021/6/4,28918.1,5106.95,593.52,23.5
2021/6/7,28787.28,5089.34,582.85,23.95
2021/6/8,28781.38,5068.05,583.33,24.1
2021/6/9,28742.63,5040.57,585.27,24.2
2021/6/10,28738.88,5055.23,582.85,24
2021/6/11,28842.13,5066.49,578.48,23.8
2021/6/15,28638.53,5051.02,582.36,23.35
2021/6/16,28436.84,4939.21,578.96,23.05
2021/6/17,28558.59,4962.84,581.39,24.3
2021/6/18,28801.27,5041.82,585.27,24.4
2021/6/21,28489,4985.96,573.14,23.5
2021/6/22,28309.76,4887.53,556.64,23.2
2021/6/23,28817.07,5011.1,565.37,23.9
2021/6/24,28882.46,5012.68,565.86,23.6
2021/6/25,29288.22,5150.94,580.9,23.8
2021/6/28,29268.3,5170.68,577.99,23.55
2021/6/29,28994.1,5130.2,573.14,23.35
2021/6/30,28827.95,5105.34,566.83,23.9
2021/7/2,28310.42,4942.47,557.61,23.25
2021/7/5,28143.5,4818.78,537.71,22.75
2021/7/6,28072.86,4812.77,542.57,22.2
2021/7/7,27960.62,4752.7,532.37,21.95
2021/7/8,27153.13,4592.74,512.48,22
2021/7/9,27344.54,4655.69,522.67,22.2
2021/7/12,27515.24,4708.48,518.79,22.7
2021/7/13,27963.41,4821.03,539.17,22.85
2021/7/14,27787.46,4818.39,540.14,22.85
2021/7/15,27996.27,4802.64,548.39,22.6
2021/7/16,28004.68,4794.4,547.42,22.2
2021/7/19,27489.78,4662.85,533.34,21.4
2021/7/20,27259.25,4607.2,526.55,21.35
2021/7/21,27224.58,4569.64,522.18,21.15
2021/7/22,27723.84,4697.41,528.01,22.3
2021/7/23,27321.98,4558.37,515.39,21.9
2021/7/26,26192.32,4265.47,475.59,24.15
2021/7/27,25086.43,3942.17,432.89,25.55
2021/7/28,25473.88,4080.62,434.05,25.15
2021/7/29,26315.32,4378.25,477.54,26.4
2021/7/30,25961.03,4261.49,464.92,27.15
2021/8/2,26235.8,4318.58,461.04,27.05
2021/8/3,26194.82,4245.73,432.89,25.45
2021/8/4,26426.55,4300.39,443.37,26.85
2021/8/5,26204.69,4207.11,426.09,27.9
2021/8/6,26179.4,4220.96,440.26,28.15
2021/8/9,26283.4,4204.41,448.03,26.75
2021/8/10,26605.62,4335.1,471.91,26.05
2021/8/11,26660.16,4308.61,469.77,25.5
2021/8/12,26517.82,4268.62,467.83,25.55
2021/8/13,26391.62,4175.14,456.38,24.55
2021/8/16,26181.46,4059.21,440.46,24.05
2021/8/17,25745.87,3908.07,422.21,23.4
2021/8/18,25867.01,3919.23,423.38,23.6
2021/8/19,25316.33,3801.24,408.82,23.4
2021/8/20,24849.72,3740.29,412.89,23.15
2021/8/23,25109.59,3802.26,421.05,23.65
2021/8/24,25727.92,4073.28,458.12,24.05
2021/8/25,25693.95,4070.31,460.65,23.9
2021/8/26,25415.69,4011.31,457.93,24.15
2021/8/27,25407.89,4008.01,452.69,24.25
2021/8/30,25539.54,4030.65,452.11,24.2
2021/8/31,25878.99,4161.71,467.05,23.8
2021/9/1,26028.29,4202.34,474.04,23.95
2021/9/2,26090.43,4263.07,481.42,23.95
2021/9/3,25901.99,4225.52,473.65,24.05
2021/9/6,26163.63,4275.89,490.15,23.95
2021/9/7,26353.63,4348.1,500.34,23.8
2021/9/8,26320.93,4334.52,509.08,23.25
2021/9/9,25716,4128.7,465.89,22.85
2021/9/10,26205.91,4254.16,475.59,23.6
2021/9/13,25813.81,4151.49,463.95,23.25
2021/9/14,25502.23,4105.75,458.9,22.95
2021/9/15,25033.21,3979.24,440.07,22.8
2021/9/16,24667.85,3937.55,437.74,22.4
2021/9/17,24920.76,4047.15,448.22,22.65
2021/9/20,24099.14,3945.33,440.85,22.25
2021/9/21,24221.54,3914.08,436.77,22.05
2021/9/23,24510.98,3962.91,449.58,21.85
2021/9/24,24192.16,3891.23,446.67,21.95
2021/9/27,24208.78,3862.74,450.94,21.9
2021/9/28,24500.39,3950.6,455.99,22
2021/9/29,24663.5,3906.03,451.33,22.45
2021/9/30,24575.64,3846.96,447.83,22.05
2021/10/4,24036.37,3784.31,443.56,21.6
2021/10/5,24104.15,3754.16,436.77,21.65
2021/10/6,23966.49,3715.47,433.28,21.6
2021/10/7,24701.73,3916.43,457.54,21.9
2021/10/8,24837.85,3949.92,467.64,21.7
2021/10/11,25325.09,4080.45,481.42,21.95
2021/10/12,24962.59,3963.28,468.99,21.6
2021/10/15,25330.96,4051.25,481.03,21.6
2021/10/18,25409.75,4063.62,482.39,21.95
2021/10/19,25787.21,4179.58,484.33,22.45
2021/10/20,26136.02,4281.74,494.52,22.3
2021/10/21,26017.53,4251.68,490.64,22.1
2021/10/22,26126.93,4317.02,494.52,23.15
2021/10/25,26132.03,4317.53,490.15,22.85
2021/10/26,26038.27,4283.27,487.24,22.9
2021/10/27,25628.74,4144.35,472.68,22.2
2021/10/28,25555.73,4139.75,473.85,22
2021/10/29,25377.24,4100.69,466.86,22
2021/11/1,25154.32,4042.49,455.79,21.8
2021/11/2,25099.67,4060.84,450.36,22.1
2021/11/3,25024.75,4051.42,455.21,22.9
2021/11/4,25225.19,4122.59,466.66,23.2
2021/11/5,24870.51,4032.01,453.66,23.05
2021/11/8,24763.77,3995.86,450.16,23
2021/11/9,24813.13,4007.21,450.36,23.9
2021/11/10,24996.14,4088.73,469.38,24
2021/11/11,25247.99,4144.29,463.56,23.5
2021/11/12,25327.97,4202.64,470.94,22.6
2021/11/15,25390.91,4221.01,477.34,22.35
2021/11/16,25713.78,4304.96,487.73,22.15
2021/11/17,25650.08,4292.1,494.04,22.6
2021/11/18,25319.72,4171.62,482.19,22.35
2021/11/19,25049.97,4141.14,481.42,22.2
2021/11/22,24951.34,4100.06,479.86,22.15
2021/11/23,24651.58,4043.52,467.05,22.1
2021/11/24,24685.5,4028.72,458.32,21.8
2021/11/25,24740.16,4071.91,463.75,21.85
2021/11/26,24080.52,3934.7,449.78,21.35
2021/11/29,23852.24,3887.27,448.81,21.35
2021/11/30,23475.26,3840.13,445.89,21.45
2021/12/1,23658.92,3879.65,455.02,21.75
2021/12/2,23788.93,3847.7,459.68,22.05
2021/12/3,23766.69,3762.45,449,21.7
2021/12/6,23349.38,3630.88,434.63,20.95
2021/12/7,23983.66,3793.97,450.16,21.05
2021/12/8,23996.87,3779.19,453.27,20.85
2021/12/9,24254.86,3836.15,458.71,21.1
2021/12/10,23995.72,3786.85,449.78,20.95
2021/12/13,23954.58,3782.91,452.88,20.85
2021/12/14,23635.95,3691.86,446.28,20
2021/12/15,23420.76,3643.23,442.4,18.72
2021/12/16,23475.5,3646.54,439.29,18.42
2021/12/17,23192.63,3562.68,425.12,18.68
2021/12/20,22744.86,3448.7,417.36,18.04
2021/12/21,22971.33,3526.13,427.84,18.34
2021/12/22,23102.33,3565.02,429.98,18.46
2021/12/23,23193.64,3534.46,448.22,18.54
2021/12/24,23223.76,3515.16,446.67,18.4
2021/12/28,23280.56,3492.08,437.16,18.34
2021/12/29,23086.54,3430.09,431.72,18.46
2021/12/30,23112.01,3433.38,430.36,18.6
2021/12/31,23397.67,3560.28,443.37,18.66
2022/1/3,23274.75,3545.93,440.46,18.84
2022/1/4,23289.84,3509.25,436.77,18.6
2022/1/5,22907.25,3348.18,417.94,18.18
2022/1/6,23072.86,3393.53,424.15,18.3
2022/1/7,23493.38,3469.81,429.98,18.18
2022/1/10,23746.54,3538.96,439.88,18.3
2022/1/11,23739.06,3528.68,446.48,18.26
2022/1/12,24402.17,3715.5,466.66,18.7
2022/1/13,24429.77,3667.79,461.23,18.66
2022/1/14,24383.32,3651.1,459.48,18.58
2022/1/17,24218.03,3631.16,451.91,18.68
2022/1/18,24112.78,3612.19,439.49,19.42
2022/1/19,24127.85,3576.86,442.4,19.18
2022/1/20,24952.35,3746.61,471.6,19.46
2022/1/21,24965.55,3737.15,474.8,19.52
2022/1/24,24656.46,3615.32,469.6,19.48
2022/1/25,24243.61,3531.59,466.8,19.02
2022/1/26,24289.9,3562.5,473.6,19.04
2022/1/27,23807,3406.78,463,18.9
2022/1/28,23550.08,3370.16,460,18.78
2022/1/31,23802.26,3467.31,472,18.68
2022/2/4,24573.29,3560.07,479,18.94
2022/2/7,24579.55,3534.14,478,19
2022/2/8,24329.49,3481.92,470,18.84
2022/2/9,24829.99,3626.02,482.8,19.5
2022/2/10,24924.35,3666.52,484.4,19.66
2022/2/11,24906.66,3623.68,477,20.15
2022/2/14,24556.57,3547.36,472,20.2
2022/2/15,24355.71,3544.35,470,20.55
2022/2/16,24718.9,3629.67,476.2,20.65
2022/2/17,24792.77,3650.99,479,20.25
2022/2/18,24327.71,3520.36,470,20.2
2022/2/21,24170.07,3424.14,445.4,20.1
2022/2/22,23520,3365.88,444.8,19.66
2022/2/23,23660.28,3414.35,445,20.2
2022/2/24,22901.56,3269,427.8,19.7
2022/2/25,22767.18,3297.11,424,19.8
2022/2/28,22713.02,3301.25,421.2,19.6
2022/3/1,22761.71,3325.41,431,19.52
2022/3/2,22343.92,3252.72,423.4,18.84
2022/3/3,22467.34,3215.3,418.8,18.64
2022/3/4,21905.29,3057.19,403.2,18.08
2022/3/7,21057.63,2924.35,388,17.5
2022/3/8,20765.87,2847.22,383.2,17.24
2022/3/9,20627.71,2863.31,384.8,17.64
2022/3/10,20890.26,2886.43,385,18.08
2022/3/11,20553.79,2746.17,367.8,18.08
2022/3/14,19531.66,2434.23,331.8,17.06
2022/3/15,18415.08,2232.18,298,15.14
2022/3/16,20087.5,2771.43,367,16.5
2022/3/17,21501.23,3004.43,390,17.06
2022/3/18,21412.4,2943.75,381,17.02
2022/3/21,21221.34,2879.88,372.4,17.42
2022/3/22,21889.28,3045.41,388,17.7
2022/3/23,22154.08,3136.77,389,18.14
2022/3/24,21945.95,3033.72,366,17.64
2022/3/25,21404.88,2886.91,356.4,16.8
2022/3/28,21684.97,2972.47,366.4,16.94
2022/3/29,21927.63,3045.07,377.2,17.04
2022/3/30,22232.03,3033.88,380.6,17.34
2022/3/31,21996.85,2993.2,374.2,17.14
2022/4/1,22039.55,2970.63,378.8,16.98
2022/4/4,22502.31,3128.92,390,17.28
2022/4/6,22080.52,3006.92,381,17.06
2022/4/7,21808.98,2929.26,374.4,16.8
2022/4/8,21872.01,2889.85,369.6,17.08
2022/4/11,21208.3,2739.83,353.6,16.28
2022/4/12,21319.13,2778.15,366.4,16.54
2022/4/13,21374.37,2800.05,373.6,16.34
2022/4/14,21518.08,2805.57,374.4,16.6
