Date,Open,High,Low,Close,Movement,Volume,Turnover
2015/8/17,7.5,7.5,7.3,7.4,-0.0999999,81670834,60467204
2015/8/18,7.4,7.5,7.1,7.2,-0.1999998,204664683,149088672
2015/8/19,7.2,7.3,7,7,-0.2000003,179299823,127367240
2015/8/20,7,7.1,6.9,7,0,130392000,91332080
2015/8/21,7,7,6.6,6.7,-0.2999997,360191824,243061792
2015/8/24,6.5,6.5,6,6,-0.7000003,482955216,299380352
2015/8/25,6.1,6.4,6,6.2,0.1999998,480516064,299937664
2015/8/26,6.3,6.5,6.2,6.2,0,229786485,145779936
2015/8/27,6.5,6.9,6.4,6.7,0.5000005,245715997,162626816
2015/8/28,6.9,7,6.7,6.8,0.0999999,131470751,90330072
2015/8/31,6.9,6.9,6.6,6.8,0,176531720,119690792
2015/9/1,6.9,6.9,6.5,6.6,-0.1999998,106829491,71453192
2015/9/2,6.5,6.8,6.4,6.7,0.0999999,120637439,80237744
2015/9/4,6.7,6.9,6.6,6.8,0.0999999,123526401,83300792
2015/9/7,6.8,6.9,6.7,6.8,0,64094850,43585012
2015/9/8,6.8,7,6.7,6.9,0.0999999,155593184,107005208
2015/9/9,7,7.1,6.9,7.1,0.1999998,229120177,160877024
2015/9/10,6.9,7.2,6.9,7.1,0,150489750,105918200
2015/9/11,7.1,7.2,6.9,6.9,-0.1999998,130101356,91835488
2015/9/14,7,7.1,6.9,7,0.0999999,112108723,78575912
2015/9/15,6.9,7,6.9,7,0,62436665,43253932
2015/9/16,7,7.4,7,7.4,0.4000001,352172784,254660240
2015/9/17,7.4,7.4,7.1,7.2,-0.1999998,155427010,111861744
2015/9/18,7.1,7.2,7.1,7.1,-0.1000004,133206202,95181008
2015/9/21,7.1,7.4,7,7.4,0.3000002,246958898,178013344
2015/9/22,7.4,7.5,7.2,7.3,-0.0999999,134967000,99116120
2015/9/23,7.2,7.3,7,7.1,-0.2000003,148446883,105758488
2015/9/24,7.1,7.2,7,7.1,0,70450167,49877752
2015/9/25,7.2,7.2,7,7,-0.0999999,53383730,37918156
2015/9/29,7,7.1,6.8,7,0,124002340,86185104
2015/9/30,7.1,7.1,7,7,0,66139387,46723448
2015/10/2,7.2,7.3,7.1,7.3,0.3000002,160004229,115806832
2015/10/5,7.3,7.4,7.2,7.3,0,74074500,54106092
2015/10/6,7.3,7.4,7.2,7.4,0.0999999,83571011,61330492
2015/10/7,7.3,7.6,7.2,7.6,0.1999998,163304933,121085280
2015/10/8,7.6,7.6,7.4,7.6,0,139969040,105283696
2015/10/9,7.6,7.6,7.4,7.4,-0.1999998,85686828,64047240
2015/10/12,7.5,7.6,7.4,7.6,0.1999998,98512510,74188256
2015/10/13,7.5,7.6,7.4,7.5,-0.0999999,72947351,54591732
2015/10/14,7.4,7.5,7.4,7.5,0,60119502,44794308
2015/10/15,7.5,7.7,7.4,7.5,0,179419812,135191776
2015/10/16,7.6,7.8,7.4,7.6,0.0999999,263577001,201446256
2015/10/19,7.6,7.6,7.5,7.6,0,81087874,61459620
2015/10/20,7.5,7.6,7.3,7.5,-0.0999999,106912508,79461440
2015/10/22,7.4,7.5,7.2,7.4,-0.0999999,137700292,100974512
2015/10/23,7.5,7.5,7.2,7.3,-0.0999999,84986356,62566288
2015/10/26,7.4,7.4,7.2,7.4,0.0999999,84774500,62048860
2015/10/27,7.4,7.4,7.2,7.2,-0.1999998,48041812,34900608
2015/10/28,7.3,7.3,7.1,7.2,0,68189761,48935904
2015/10/29,7.2,7.3,7.1,7.1,-0.1000004,56848860,40906144
2015/10/30,7.2,7.3,7.1,7.2,0.1000004,69353376,50306820
2015/11/2,7.3,7.4,7.1,7.2,0,73318156,53195156
2015/11/3,7.2,7.3,7.1,7.2,0,63520216,45674816
2015/11/4,7.2,7.5,7.1,7.5,0.2999997,168796101,124342496
2015/11/5,7.4,7.5,7.3,7.4,-0.0999999,105199218,78113400
2015/11/6,7.5,7.7,7.4,7.6,0.1999998,275570896,208735824
2015/11/9,7.6,7.6,7.4,7.5,-0.0999999,83361957,62772864
2015/11/10,7.4,7.5,7.3,7.3,-0.1999998,60984000,45242592
2015/11/11,7.6,7.7,7.5,7.7,0.3999996,411795600,314920000
2015/11/12,7.9,8.9,7.8,8.8,1.1,1525055200,1277390208
2015/11/13,8.6,8.7,8.3,8.3,-0.5,604362496,508523968
2015/11/16,8.2,8.6,8.1,8.4,0.09999943,303063392,255172128
2015/11/17,8.5,8.6,8.2,8.3,-0.09999943,289164320,241367072
2015/11/18,8.3,8.3,8.1,8.2,-0.1000004,85195908,69985984
2015/11/19,8.3,8.5,8.2,8.4,0.1999998,318455296,266294640
2015/11/20,8.5,8.8,8.4,8.7,0.3000002,420573840,361924640
2015/11/23,8.7,8.8,8.4,8.6,-0.09999943,246936078,212174048
2015/11/24,8.5,8.5,8.2,8.4,-0.2000008,427806224,356645856
2015/11/25,8.4,8.5,8.2,8.4,0,186027560,155220080
2015/11/26,8.4,8.5,8.2,8.3,-0.09999943,128755798,107092496
2015/11/27,8.3,8.3,7.9,7.9,-0.4000001,257159976,207429152
2015/11/30,8,8.2,8,8.1,0.2000003,331477872,268683904
2015/12/1,8.2,8.2,8,8.2,0.09999943,201272100,163484608
2015/12/2,8.2,8.3,8.1,8.2,0,80155197,65364340
2015/12/3,8.1,8.2,8,8.1,-0.09999943,93383964,75921968
2015/12/4,8,8.1,7.9,7.9,-0.2000003,129153650,103406104
2015/12/7,8,8.2,8,8.1,0.2000003,108925791,88123704
2015/12/8,8.1,8.2,8,8.2,0.09999943,137886850,111618328
2015/12/9,8.1,8.2,7.9,8,-0.1999998,148295000,118933648
2015/12/10,8,8,7.8,7.9,-0.0999999,184416724,145573760
2015/12/11,7.9,8,7.8,7.8,-0.1000004,125708022,98930312
2015/12/14,7.9,8,7.8,8,0.2000003,126038413,99615808
2015/12/15,8,8.1,7.9,8,0,64356746,51372504
2015/12/16,8,8.1,7.9,8.1,0.1000004,177483214,142324720
2015/12/17,8.1,8.1,8,8.1,0,105551114,84830200
2015/12/18,8,8.1,7.9,8,-0.1000004,215506524,173134576
2015/12/21,8,8.1,7.9,8,0,61650169,49100848
2015/12/22,8,8,7.9,8,0,46778420,37193120
2015/12/23,8,8,7.9,7.9,-0.0999999,67058000,53393852
2015/12/24,7.9,8.1,7.9,8,0.0999999,63652000,50896712
2015/12/28,8,8,7.8,7.9,-0.0999999,122818000,96933792
2015/12/29,7.9,7.9,7.8,7.9,0,56158000,44180544
2015/12/30,7.8,7.9,7.8,7.9,0,37213033,29212660
2015/12/31,7.9,8,7.8,7.9,0,71523433,56259928
2016/1/4,7.9,7.9,7.6,7.7,-0.2000003,131024184,101509568
2016/1/5,7.7,7.9,7.7,7.7,0,144984538,112476240
2016/1/6,7.8,7.9,7.7,7.8,0.0999999,98548632,76885872
2016/1/7,7.8,7.9,7.1,7.3,-0.4999995,653103216,476956416
2016/1/8,7.3,7.5,7.2,7.4,0.0999999,131464000,97024728
2016/1/11,7.3,7.3,7,7,-0.4000001,254336415,181268640
2016/1/12,7.1,7.3,7.1,7.3,0.3000002,155018283,112072272
2016/1/13,7.4,7.5,7.3,7.4,0.0999999,116038198,86028736
2016/1/14,7.2,7.4,7.1,7.4,0,152863929,111082640
2016/1/15,7.3,7.4,7.1,7.1,-0.3000002,138317580,99830072
2016/1/18,7,7.1,6.9,6.9,-0.1999998,167491201,116767112
2016/1/19,6.9,7.1,6.8,7.1,0.1999998,115509045,80515176
2016/1/20,7,7,6.6,6.7,-0.3999996,184493580,124820264
2016/1/21,6.8,6.9,6.4,6.4,-0.3000007,173998453,114452376
2016/1/22,6.7,6.9,6.6,6.9,0.5000005,161943000,108826416
2016/1/25,6.9,7,6.7,6.8,-0.0999999,76229023,51889952
2016/1/26,6.7,6.8,6.6,6.7,-0.0999999,93912223,62909560
2016/1/27,6.9,6.9,6.5,6.7,0,126496000,84371040
2016/1/28,6.7,6.9,6.6,6.8,0.0999999,147533000,99396248
2016/1/29,6.7,6.9,6.6,6.7,-0.0999999,167333869,113228496
2016/2/1,6.8,7.1,6.7,7,0.2999997,145134902,100744504
2016/2/2,7,7.2,7,7.1,0.0999999,152707938,107945552
2016/2/3,6.9,7.1,6.8,6.9,-0.1999998,98606845,68491016
2016/2/4,7,7.1,6.9,7,0.0999999,65628167,45785144
2016/2/5,7,7.1,6.8,6.9,-0.0999999,117633000,81333392
2016/2/11,6.7,6.7,6.4,6.4,-0.5000005,214908520,141034976
2016/2/12,6.4,6.6,6.4,6.5,0.1000004,156728700,101479616
2016/2/15,6.6,6.7,6.5,6.6,0.1000004,188757000,124762880
2016/2/16,6.6,6.8,6.4,6.5,-0.1000004,256082256,168893200
2016/2/17,6.5,6.6,6.3,6.4,-0.1000004,224801383,144492032
2016/2/18,6.5,7,6.5,6.8,0.4000006,379401824,257073872
2016/2/19,6.8,6.8,6.4,6.6,-0.1999998,395123200,257908288
2016/2/22,6.6,6.9,6.5,6.9,0.2999997,366318000,248894688
2016/2/23,6.9,6.9,6.7,6.8,-0.0999999,135604000,91736384
2016/2/24,6.7,6.8,6.6,6.7,-0.0999999,97269000,64905784
2016/2/25,6.6,6.7,6.3,6.4,-0.3000007,400426352,259720352
2016/2/26,6.5,6.6,6.4,6.6,0.2000008,134140233,87038616
2016/2/29,6.5,6.6,6.3,6.4,-0.2000008,137205456,88338576
2016/3/1,6.5,6.6,6.4,6.6,0.2000008,120866750,78738464
2016/3/2,6.7,6.8,6.5,6.8,0.1999998,212736638,142212272
2016/3/3,6.8,7,6.7,6.9,0.0999999,263957000,180783728
2016/3/4,6.9,7,6.8,6.9,0,108231690,74392336
2016/3/7,6.9,7,6.8,7,0.0999999,84925614,58887564
2016/3/8,6.9,7.1,6.8,7,0,169814013,117814360
2016/3/9,6.9,6.9,6.8,6.9,-0.0999999,72388000,49453836
2016/3/10,6.8,6.9,6.7,6.7,-0.1999998,98877001,66936896
2016/3/11,6.7,6.8,6.6,6.7,0,103273245,69280000
2016/3/14,6.8,6.8,6.6,6.8,0.0999999,81833325,55025936
2016/3/15,6.8,6.8,6.6,6.7,-0.0999999,67971000,45511460
2016/3/16,6.7,6.7,6.6,6.7,0,46600916,30937896
2016/3/17,6.7,6.8,6.6,6.7,0,164025146,110778072
2016/3/18,6.8,6.9,6.7,6.8,0.0999999,135758623,92332976
2016/3/21,6.8,6.9,6.7,6.9,0.0999999,82247600,56077200
2016/3/22,6.9,7,6.8,6.9,0,117953000,81696272
2016/3/23,7,7,6.7,6.9,0,107163250,73269304
2016/3/24,6.8,6.9,6.7,6.8,-0.0999999,61934375,41820048
2016/3/29,6.7,6.8,6.6,6.7,-0.0999999,57927327,38728488
2016/3/30,6.7,6.8,6.6,6.8,0.0999999,125753919,84440976
2016/3/31,6.9,6.9,6.7,6.9,0.0999999,159497963,108922120
2016/4/1,6.9,6.9,6.7,6.9,0,74500947,50860100
2016/4/5,6.9,6.9,6.7,6.8,-0.0999999,79653088,54231292
2016/4/6,6.8,6.8,6.6,6.7,-0.0999999,71240301,47755504
2016/4/7,6.7,6.8,6.6,6.7,0,97512126,65071268
2016/4/8,6.6,6.8,6.6,6.7,0,112894656,75188568
2016/4/11,6.7,6.8,6.6,6.7,0,62049622,41540332
2016/4/12,6.7,6.8,6.7,6.8,0.0999999,52923506,35840140
2016/4/13,6.9,7,6.8,6.9,0.0999999,191864250,132210032
2016/4/14,6.9,7,6.9,7,0.0999999,58204465,40380392
2016/4/15,6.9,7,6.8,6.9,-0.0999999,83739130,57283508
2016/4/18,6.8,6.9,6.7,6.9,0,145185663,98690856
2016/4/19,6.9,7,6.9,7,0.0999999,88500186,61127114
2016/4/20,6.9,7,6.7,6.8,-0.1999998,116881795,79158927
2016/4/21,6.8,6.8,6.6,6.7,-0.0999999,206106172,137981239
2016/4/22,6.6,6.7,6.6,6.7,0,86187000,57018825
2016/4/25,6.6,6.7,6.5,6.6,-0.0999999,72848183,48037618
2016/4/26,6.6,6.6,6.4,6.6,0,147929538,96283436
2016/4/27,6.5,6.6,6.4,6.5,-0.1000004,97592569,63108752
2016/4/28,,,,,,,
2016/4/29,6.5,6.5,6.3,6.4,-0.1000004,140967480,90156883
2016/5/3,6.4,6.4,6.2,6.3,-0.09999943,108061820,68225384
2016/5/4,6.3,6.3,6.2,6.3,0,92090537,57753556
2016/5/5,6.2,6.3,6.2,6.2,-0.1000004,46938823,29313665
2016/5/6,6.2,6.2,6,6.1,-0.09999943,108562500,66491110
2016/5/9,6.1,6.2,6,6,-0.1000004,122873392,74494008
2016/5/10,6,6.1,5.8,5.9,-0.1000004,212469100,126107432
2016/5/11,6,6.4,5.9,6.2,0.3000002,268268390,165841673
2016/5/12,6.2,6.6,6.2,6.6,0.4000006,238657040,153967850
2016/5/13,6.8,6.8,6.3,6.4,-0.2000008,210371333,137546406
2016/5/16,6.5,6.6,6.3,6.5,0.1000004,77269353,50038125
2016/5/17,6.5,6.6,6.4,6.6,0.1000004,89848516,58792225
2016/5/18,6.5,6.6,6.3,6.4,-0.2000008,105778850,68096924
2016/5/19,6.4,6.5,6.3,6.4,0,70885199,45063246
2016/5/20,6.4,6.4,6.2,6.3,-0.09999943,70453759,44713185
2016/5/23,6.4,6.5,6.3,6.5,0.1999998,62800205,40341658
2016/5/24,6.5,6.5,6.4,6.5,0,47316943,30598174
2016/5/25,6.6,6.6,6.3,6.4,-0.1000004,71321892,45918242
2016/5/26,6.4,6.4,6.3,6.4,0,52955148,33733126
2016/5/27,6.4,6.5,6.3,6.5,0.1000004,55011292,35456710
2016/5/30,6.5,6.6,6.4,6.5,0,70635201,45897688
2016/5/31,6.5,6.6,6.4,6.5,0,180008242,116863468
2016/6/1,6.5,6.6,6.4,6.5,0,78646000,51095298
2016/6/2,6.5,6.6,6.4,6.6,0.1000004,62804000,41143460
2016/6/3,6.6,6.7,6.5,6.5,-0.1000004,74170065,48779257
2016/6/6,6.5,6.6,6.5,6.6,0.1000004,49878700,32642972
2016/6/7,6.6,6.9,6.5,6.9,0.2999997,216580792,146748749
2016/6/8,6.6,6.7,6.4,6.4,-0.5000005,269000688,175268651
2016/6/10,6.5,6.5,6.3,6.4,0,115831000,73866445
2016/6/13,6.4,6.4,6.2,6.2,-0.1999998,103154000,64976465
2016/6/14,6.2,6.3,6.1,6.2,0,73538412,45302409
2016/6/15,6.1,6.3,6.1,6.2,0,110653441,68718412
2016/6/16,6.2,6.3,6,6.2,0,114968286,70349481
2016/6/17,6.2,6.2,6,6.1,-0.09999943,127670270,77496427
2016/6/20,6.1,6.2,6,6.1,0,141807000,86361770
2016/6/21,6.1,6.2,6,6.2,0.09999943,87319911,53267022
2016/6/22,6.1,6.3,6,6.1,-0.09999943,132049000,81354800
2016/6/23,6.2,6.2,6.1,6.2,0.09999943,59485348,36702068
2016/6/24,6.1,6.2,5.8,6.1,-0.09999943,295344320,177630096
2016/6/27,6,6.3,6,6.3,0.1999998,196726100,120553761
2016/6/28,6.2,6.2,6.1,6.1,-0.1999998,59217685,36313763
2016/6/29,6.3,6.3,6.1,6.2,0.09999943,117123925,72880227
2016/6/30,6.2,6.3,6.1,6.2,0,109719102,68304415
2016/7/4,6.3,6.3,6.2,6.3,0.1000004,55511500,34751935
2016/7/5,6.3,6.3,6.2,6.3,0,23542311,14668241
2016/7/6,6.2,6.3,6.1,6.2,-0.1000004,73210762,45325448
2016/7/7,6.2,6.3,6.2,6.3,0.1000004,23225964,14500193
2016/7/8,6.3,6.3,6.2,6.2,-0.1000004,80933826,50533899
2016/7/11,6.3,6.4,6.2,6.3,0.1000004,63703000,40037675
2016/7/12,6.3,6.4,6.2,6.4,0.09999943,79734000,50333525
2016/7/13,6.4,6.5,6.3,6.4,0,116944040,74933417
2016/7/14,6.4,6.5,6.3,6.5,0.1000004,35952000,23004700
2016/7/15,6.5,6.5,6.4,6.4,-0.1000004,53248133,34310359
2016/7/18,6.5,6.5,6.3,6.4,0,53904378,34521605
2016/7/19,6.4,6.5,6.3,6.5,0.1000004,70639325,45462943
2016/7/20,6.4,6.6,6.4,6.5,0,152824637,99311394
2016/7/21,6.5,6.7,6.5,6.6,0.1000004,188630018,124364773
2016/7/22,6.5,6.6,6.5,6.6,0,69754749,45695634
2016/7/25,6.6,6.6,6.5,6.6,0,76388000,49943835
2016/7/26,6.5,6.6,6.5,6.5,-0.1000004,96300528,63386143
2016/7/27,6.6,6.7,6.5,6.6,0.1000004,83865499,55353196
2016/7/28,6.5,6.6,6.5,6.5,-0.1000004,65372000,42717945
2016/7/29,6.5,6.6,6.3,6.3,-0.1999998,138255428,88944560
2016/8/1,6.4,6.5,6.4,6.5,0.1999998,66886642,43218485
2016/8/3,6.5,6.5,6.4,6.5,0,37518000,24205715
2016/8/4,6.4,6.5,6.4,6.5,0,68756000,44386410
2016/8/5,6.5,6.6,6.5,6.5,0,79044002,51663681
2016/8/8,6.6,6.8,6.5,6.7,0.2000003,189670000,126061050
2016/8/9,6.7,6.9,6.7,6.8,0.0999999,169196000,114865280
2016/8/10,6.8,7,6.7,7,0.1999998,433616112,299395024
2016/8/11,7.5,7.6,7.2,7.4,0.4000001,570681728,423306480
2016/8/12,7.5,7.8,7.4,7.8,0.3999996,652510720,494924640
2016/8/15,7.8,8.1,7.7,7.9,0.1000004,509387424,403541584
2016/8/16,7.9,8,7.6,7.8,-0.1000004,343752704,267804941
2016/8/17,7.8,7.9,7.6,7.7,-0.0999999,301866016,234515700
2016/8/18,7.7,7.9,7.6,7.7,0,221004400,171145798
2016/8/19,7.7,7.9,7.7,7.9,0.2000003,198339981,155266735
2016/8/22,8,8.1,7.9,8,0.0999999,261508231,209047327
2016/8/23,8,8.1,7.7,7.8,-0.2000003,268057488,210344527
2016/8/24,7.9,8,7.7,7.8,0,179185250,140459720
2016/8/25,7.8,7.9,7.8,7.9,0.1000004,149285250,117260616
2016/8/26,7.9,8.4,7.9,8.4,0.4999995,560513664,458008496
2016/8/29,8.4,9.1,8.3,8.9,0.5,2218955104,1948320816
2016/8/30,8.9,9.1,8.7,9,0.1000004,807831008,719492912
2016/8/31,9,9,8.5,8.5,-0.5,669298400,578542224
2016/9/1,8.5,8.6,8.2,8.5,0,488277824,414053616
2016/9/2,8.5,8.7,8.5,8.7,0.1999998,214733915,184796205
2016/9/5,8.7,8.8,8.6,8.7,0,211166506,183544545
2016/9/6,8.7,8.8,8.5,8.7,0,168739627,145527741
2016/9/7,8.7,8.7,8.6,8.7,0,72325000,62558100
2016/9/8,8.7,8.7,8.6,8.7,0,126660876,109852743
2016/9/9,8.8,8.8,8.6,8.8,0.1000004,216804641,189082319
2016/9/12,8.6,8.7,8.5,8.6,-0.1999998,356332128,306246672
2016/9/13,8.7,8.8,8.6,8.6,0,119070162,102728329
2016/9/14,8.6,8.8,8.6,8.8,0.1999998,254446997,221439521
2016/9/15,8.7,9,8.7,8.9,0.09999943,393533840,349156544
2016/9/19,8.9,9,8.7,8.7,-0.1999998,175936478,154963857
2016/9/20,8.7,8.8,8.7,8.8,0.1000004,90706496,79583005
2016/9/21,8.8,8.9,8.7,8.9,0.09999943,261114578,229769910
2016/9/22,8.8,9.1,8.8,8.9,0,445128896,398439472
2016/9/23,8.9,8.9,8.7,8.7,-0.1999998,110096824,96974819
2016/9/26,8.7,8.8,8.6,8.6,-0.09999943,126462438,109368968
2016/9/27,8.6,8.8,8.6,8.7,0.09999943,150567941,130624236
2016/9/28,8.7,8.9,8.7,8.8,0.1000004,210317869,185635004
2016/9/29,8.9,8.9,8.8,8.9,0.09999943,42764914,37870072
2016/9/30,8.8,8.9,8.6,8.7,-0.1999998,189714835,166144031
2016/10/3,8.8,8.9,8.6,8.8,0.1000004,131381447,114954248
2016/10/4,8.8,8.9,8.8,8.9,0.09999943,98634992,87085292
2016/10/5,8.9,9,8.8,8.9,0,301818000,268277035
2016/10/6,8.9,9.1,8.9,8.9,0,235463808,211640864
2016/10/7,9,9.2,8.9,9.1,0.2000008,285590768,259958142
2016/10/11,9.1,9.2,8.9,9,-0.1000004,404008848,365065216
2016/10/12,9,9.3,8.9,9.3,0.3000002,449899952,410196656
2016/10/13,9.3,9.4,9.1,9.2,-0.1000004,254352028,235335715
2016/10/14,9.2,9.700001,9.1,9.5,0.3000002,631631936,593340576
2016/10/17,9.599999,9.599999,9.3,9.4,-0.1000004,279070064,263857980
2016/10/18,9.4,9.599999,9.3,9.599999,0.1999998,245859818,233332132
2016/10/19,9.700001,10,9.599999,9.9,0.3000002,642889760,635670704
2016/10/20,10,10.1,9.700001,9.8,-0.09999943,374419344,369646240
2016/10/24,9.8,9.9,9.700001,9.9,0.09999943,240679616,236573099
2016/10/25,9.9,10,9.8,9.9,0,226866687,225035922
2016/10/26,9.9,9.9,9.5,9.700001,-0.1999989,379705536,367246560
2016/10/27,9.599999,9.700001,9.4,9.700001,0,368186896,352152256
2016/10/28,9.599999,9.700001,9.4,9.4,-0.3000011,242459690,230947089
2016/10/31,9.4,9.599999,9.4,9.4,0,246600263,233850494
2016/11/1,9.5,10.2,9.4,10.1,0.7000008,673718512,668757600
2016/11/2,10,10.5,9.8,10.3,0.1999989,720805056,729276304
2016/11/3,10.2,10.4,10.1,10.2,-0.09999943,354753632,364428880
2016/11/4,10,11.1,9.9,11.1,0.9000006,1334829344,1406068240
2016/11/7,11.1,11.3,10.8,10.9,-0.1999998,853680352,944070096
2016/11/8,11.1,11.2,10.7,10.8,-0.1000004,462660128,502071408
2016/11/9,10.9,10.9,10.2,10.4,-0.4000006,633169248,664783312
2016/11/10,10.7,11.4,10.6,11.2,0.8000002,1013347648,1123912144
2016/11/11,11.1,11.5,10.6,11.2,0,692504512,765862624
2016/11/14,11.1,11.1,10.3,10.4,-0.8000002,814047392,869905024
2016/11/15,10.4,10.6,10.2,10.3,-0.1000004,277270960,286753504
2016/11/16,10.4,10.6,10.3,10.4,0.1000004,235732359,246534244
2016/11/17,10.4,10.6,10.1,10.2,-0.1999998,316461376,326930912
2016/11/18,10.3,10.8,10.2,10.8,0.6000004,347219888,367100864
2016/11/21,10.8,11.2,10.5,11,0.1999998,375589472,410702496
2016/11/22,11.1,11.2,10.9,11.1,0.1000004,204163897,224733653
2016/11/23,11.1,11.3,10.7,10.8,-0.3000002,371220896,405152336
2016/11/24,10.8,10.8,10.3,10.6,-0.2000008,467456064,492092400
2016/11/25,10.7,10.7,10.5,10.5,-0.09999943,116427933,122596732
2016/11/28,10.5,10.7,10.5,10.5,0,202091858,214380076
2016/11/29,10.5,10.7,10.5,10.5,0,269140976,286737760
2016/11/30,10.6,10.6,10.5,10.5,0,179584329,189278781
2016/12/1,10.5,10.6,9.8,9.9,-0.6000004,730686736,739405936
2016/12/2,9.8,10.1,9.599999,10,0.1000004,430084000,426363072
2016/12/5,10,10.3,9.8,10,0,234399674,235167727
2016/12/6,10.1,10.3,10,10.3,0.2999992,189796370,193050281
2016/12/7,,,,,,,
2016/12/8,,,,,,,
2016/12/9,,,,,,,
2016/12/12,,,,,,,
2016/12/13,,,,,,,
2016/12/14,,,,,,,
2016/12/15,,,,,,,
2016/12/16,,,,,,,
2016/12/19,,,,,,,
2016/12/20,,,,,,,
2016/12/21,10.52,10.7,10.26,10.44,0.1400003,24494402,256437935
2016/12/22,10.46,10.66,10.38,10.58,0.1400003,12429348,130919507
2016/12/23,10.52,11,10.44,10.94,0.3599997,30044081,324194768
2016/12/28,10.92,11.2,10.68,11.2,0.2600002,34334997,376188608
2016/12/29,11.02,12.18,11.02,12.06,0.8600006,61822419,721088016
2016/12/30,11.94,12.28,11.86,12.18,0.1199999,42860368,517316016
2017/1/3,12.02,12.06,11.58,11.58,-0.6000004,26845656,315604224
2017/1/4,11.64,11.88,11.58,11.62,0.03999996,23872269,279749472
2017/1/5,11.6,11.72,11.34,11.5,-0.1199999,21777995,250115254
2017/1/6,11.62,11.66,11.42,11.6,0.1000004,19337487,223218604
2017/1/9,11.62,11.66,11.08,11.1,-0.5,24901107,280911472
2017/1/10,11.18,11.34,11,11.2,0.09999943,34275408,383530736
2017/1/11,11.28,11.28,10.8,10.86,-0.3400002,42630562,466862720
2017/1/12,10.9,10.92,10.74,10.74,-0.1199999,30674561,332172960
2017/1/13,10.76,10.86,10.68,10.76,0.02000046,19628085,211265974
2017/1/16,10.72,10.72,10.56,10.56,-0.1999998,12810758,136044669
2017/1/17,10.56,11.18,10.56,11.06,0.5,32878177,361469392
2017/1/18,11.06,11.08,10.88,10.88,-0.1800003,22795960,250050178
2017/1/19,10.9,11.12,10.82,10.92,0.03999996,16660805,182981970
2017/1/20,10.88,11.02,10.74,10.8,-0.1199999,20998863,228022362
2017/1/23,10.8,10.86,10.6,10.7,-0.1000004,10902238,116520376
2017/1/24,10.7,11.18,10.64,11.08,0.3800001,25482523,278990912
2017/1/25,11.08,11.08,10.84,10.92,-0.1599998,9719546,106218631
2017/1/26,10.98,11.08,10.7,10.72,-0.1999998,20134967,218359961
2017/1/27,10.76,10.86,10.7,10.7,-0.02000046,5329400,57245412
2017/2/1,10.7,10.76,10.42,10.44,-0.2600002,24256873,254750586
2017/2/2,10.5,10.62,10.42,10.52,0.08000088,10476019,110125289
2017/2/3,10.58,10.66,10.42,10.64,0.1199999,12382812,130822971
2017/2/6,10.72,11.02,10.62,10.86,0.2199993,28275422,308122192
2017/2/7,10.96,11.24,10.84,11.2,0.3400002,30746863,340578944
2017/2/8,11.2,11.76,11.06,11.44,0.2399998,42824015,490847312
2017/2/9,11.5,11.68,11.3,11.36,-0.07999992,30610788,352305344
2017/2/10,11.44,11.52,11.26,11.28,-0.07999992,20289290,230910298
2017/2/13,11.26,11.56,11.12,11.44,0.1599998,20804671,237538869
2017/2/14,11.5,11.5,11.18,11.3,-0.1399994,16425446,186078640
2017/2/15,11.12,11.18,10.58,10.68,-0.6199999,74421061,806609200
2017/2/16,10.7,10.86,10.58,10.64,-0.03999996,35431056,378553360
2017/2/17,10.6,10.72,10.5,10.54,-0.1000004,21572799,228059768
2017/2/20,10.58,10.64,10.42,10.48,-0.06000042,24952192,262005891
2017/2/21,10.52,10.6,10.14,10.22,-0.2599993,28234669,291417552
2017/2/22,10.32,10.62,10.2,10.6,0.3800001,23785937,249997526
2017/2/23,10.58,10.64,10.36,10.46,-0.1400003,19669333,205764819
2017/2/24,10.4,10.52,10.24,10.28,-0.1800003,25953044,268844608
2017/2/27,10.24,10.28,10.12,10.22,-0.05999947,14644807,149322823
2017/2/28,10.22,10.24,10.02,10.1,-0.1199999,28152305,283949760
2017/3/1,10.04,10.18,10.04,10.06,-0.03999996,17110810,172592282
2017/3/2,10.2,10.24,9.86,9.96,-0.1000004,33337240,331901968
2017/3/3,9.94,10.14,9.86,10.06,0.1000004,11285119,113209995
2017/3/6,10,10.1,10,10.04,-0.02000046,9383210,94280889
2017/3/7,10.1,10.48,10.02,10.42,0.3800001,24233881,250204504
2017/3/8,10.32,10.38,10.16,10.24,-0.1800003,21686949,222471849
2017/3/9,10.18,10.24,10,10.08,-0.1599998,14620874,147251306
2017/3/10,10.14,10.2,10.02,10.06,-0.0199995,12327411,124341831
2017/3/13,10.12,10.42,10.1,10.38,0.3199997,19780136,204254855
2017/3/14,10.36,10.48,10.22,10.34,-0.03999996,13268428,137056025
2017/3/15,10.28,10.66,10.24,10.5,0.1599998,28392014,297431152
2017/3/16,10.6,10.8,10.54,10.66,0.1599998,23170115,247175607
2017/3/17,10.62,10.7,10.48,10.7,0.03999996,25810941,274258816
2017/3/20,10.6,10.7,10.46,10.52,-0.1799994,17705232,186493291
2017/3/21,10.52,10.56,10.32,10.44,-0.08000088,14102330,146637248
2017/3/22,10.18,10.22,9.97,10,-0.4399996,52629150,528129680
2017/3/23,10.04,10.24,10.02,10.14,0.1400003,15851174,160172707
2017/3/24,10.16,10.18,10.02,10.1,-0.03999996,11681474,117694554
2017/3/27,10.02,10.18,9.87,9.98,-0.1200008,21402232,213930676
2017/3/28,10.18,10.4,10.02,10.28,0.3000002,32623498,334221248
2017/3/29,10.28,10.32,9.94,9.94,-0.3400002,62492834,625520576
2017/3/30,9.96,10,9.56,9.62,-0.3199997,39943732,386680112
2017/3/31,9.78,9.78,9.55,9.62,0,33004197,319084720
2017/4/3,9.6,9.75,9.57,9.71,0.09000015,13389203,129327173
2017/4/5,9.76,9.77,9.57,9.7,-0.01000023,26326474,254676980
2017/4/6,9.6,9.65,9.22,9.45,-0.25,45039811,422655552
2017/4/7,9.48,9.63,9.35,9.62,0.1700001,25390218,240997614
2017/4/10,9.82,9.82,9.56,9.6,-0.0199995,16195345,156367757
2017/4/11,9.6,9.6,9.37,9.44,-0.1600008,13391190,126459733
2017/4/12,9.47,9.47,9.24,9.36,-0.07999992,23921760,223175115
2017/4/13,9.37,9.4,9.19,9.22,-0.1399994,26202213,242025847
2017/4/18,9.25,9.25,9.06,9.09,-0.1300001,25967038,236624438
2017/4/19,9.13,9.17,8.95,9.17,0.07999992,20635533,187459397
2017/4/20,9.14,9.16,8.98,9.07,-0.1000004,19003561,172044266
2017/4/21,9.1,9.39,9.05,9.3,0.2300005,15956869,148357453
2017/4/24,9.3,9.31,9.17,9.17,-0.1300001,9816839,90445434
2017/4/25,9.18,9.3,9.12,9.18,0.01000023,11476375,105668849
2017/4/26,9.24,9.34,9.21,9.28,0.09999943,14908229,138057774
2017/4/27,9.28,9.4,9.17,9.36,0.07999992,20603378,191904429
2017/4/28,9.4,9.97,9.39,9.86,0.5,59990578,589388432
2017/5/2,9.82,9.92,9.55,9.64,-0.2199993,23105987,223733693
2017/5/4,9.72,9.73,9.35,9.43,-0.21,17410553,164889018
2017/5/5,9.4,9.59,9.32,9.44,0.009999275,16658217,157118775
2017/5/8,9.5,9.55,9.36,9.49,0.05000019,9979015,93942543
2017/5/9,9.4,9.42,9.14,9.37,-0.1199999,18113432,168591710
2017/5/10,9.38,9.63,9.3,9.37,0,19073782,180282085
2017/5/11,9.16,9.19,8.89,9.11,-0.2600002,48064623,434792016
2017/5/12,9.04,9.04,8.35,8.38,-0.7299995,95820180,821014496
2017/5/15,8.47,8.47,8.22,8.41,0.02999973,29184026,244110231
2017/5/16,8.45,8.54,8.3,8.52,0.1100006,18999900,160478734
2017/5/17,8.52,8.52,8.37,8.42,-0.1000004,12917372,108983380
2017/5/18,8.35,8.46,8.3,8.41,-0.01000023,19573100,163988434
2017/5/19,8.38,8.42,8.3,8.35,-0.05999947,13010776,108571933
2017/5/22,8.36,8.5,8.33,8.48,0.1299992,12334426,103850330
2017/5/23,8.53,8.53,8.32,8.39,-0.0899992,13657100,114672092
2017/5/24,8.38,8.43,8.31,8.36,-0.03000069,8164669,68168925
2017/5/25,8.34,8.5,8.33,8.45,0.09000015,16981431,143400753
2017/5/26,8.53,8.53,8.35,8.4,-0.05000019,13847063,116433969
2017/5/29,8.52,8.56,8.43,8.56,0.1600008,11041224,93870236
2017/5/31,8.46,8.5,8.14,8.21,-0.3500004,46763060,386572848
2017/6/1,8.3,8.3,8.12,8.15,-0.06000042,20414139,166556022
2017/6/2,8.14,8.22,8.03,8.06,-0.0899992,23368262,189048715
2017/6/5,8.08,8.08,7.85,7.9,-0.1600003,35043924,277318256
2017/6/6,7.87,7.97,7.86,7.91,0.009999752,20455247,161990896
2017/6/7,7.91,8.18,7.91,8.08,0.1700001,15801375,127847960
2017/6/8,8.08,8.11,8,8.05,-0.02999973,14831600,119410403
2017/6/9,8.03,8.12,7.86,7.88,-0.1700001,20524099,162604352
2017/6/12,7.88,7.9,7.69,7.75,-0.1300001,22240107,171850593
2017/6/13,7.73,7.86,7.69,7.74,-0.01000023,14623399,113649249
2017/6/14,8.37,8.83,8.16,8.57,0.8299999,126040061,1072317728
2017/6/15,8.62,8.92,8.51,8.68,0.1100006,47420832,413524656
2017/6/16,8.7,8.99,8.63,8.96,0.2799997,44380383,393725104
2017/6/19,8.92,8.95,8.68,8.77,-0.1899996,19036628,167614789
2017/6/20,8.8,8.85,8.64,8.81,0.03999996,15307628,133917377
2017/6/21,8.69,8.76,8.53,8.57,-0.2400007,24169230,208103593
2017/6/22,8.59,8.67,8.48,8.57,0,18470094,157671619
2017/6/23,8.56,8.57,8.34,8.39,-0.1799994,18887202,158860336
2017/6/26,8.45,8.45,8.31,8.4,0.009999275,12824112,107390366
2017/6/27,8.45,8.58,8.35,8.47,0.07000065,15186113,128713427
2017/6/28,8.37,8.46,8.25,8.38,-0.09000015,13109447,109388169
2017/6/29,8.5,8.52,8.32,8.41,0.02999973,20568957,173205695
2017/6/30,8.37,9.17,8.25,9.05,0.6400003,73211295,648548544
2017/7/3,8.95,8.99,8.69,8.74,-0.3100004,27482873,241176021
2017/7/4,8.72,8.82,8.53,8.6,-0.1399994,14488362,125281975
2017/7/5,8.59,8.8,8.51,8.8,0.1999998,16759001,144992460
2017/7/6,8.75,9.08,8.75,8.94,0.1399994,24774467,221428804
2017/7/7,8.83,8.9,8.55,8.57,-0.3699999,20152325,175110660
2017/7/10,8.63,8.7,8.48,8.5,-0.06999969,14902212,127535154
2017/7/11,8.58,8.64,8.5,8.63,0.1300001,9446057,81061103
2017/7/12,8.7,9.19,8.69,9.04,0.4099998,56883200,513164416
2017/7/13,9.04,9.33,9.02,9.1,0.06000042,36400822,333786944
2017/7/14,9.09,9.09,8.89,9,-0.1000004,11811454,106124410
2017/7/17,9.03,9.07,8.82,8.98,-0.02000046,17197090,153918201
2017/7/18,8.98,9.2,8.9,9.17,0.1900005,22219990,201730182
2017/7/19,9.15,9.43,9.12,9.31,0.1400003,29509677,275786352
2017/7/20,9.32,9.42,9.23,9.23,-0.08000088,12655591,117771946
2017/7/21,9.3,9.39,9.08,9.12,-0.1099997,15935783,146139922
2017/7/24,9.04,9.25,8.99,9.12,0,11081102,100639225
2017/7/25,9.2,9.21,9.02,9.04,-0.07999992,8978176,81564307
2017/7/26,9.14,9.14,8.78,8.79,-0.25,25499189,225869991
2017/7/27,8.88,8.88,8.61,8.69,-0.1000004,25896449,225922945
2017/7/28,8.69,8.73,8.42,8.42,-0.2699995,33843178,288222288
2017/7/31,8.49,8.65,8.49,8.6,0.1800003,15084308,128997825
2017/8/1,8.68,8.7,8.51,8.51,-0.09000015,10318380,88360453
2017/8/2,8.58,8.64,8.49,8.59,0.07999992,10744205,92164086
2017/8/3,8.56,8.67,8.53,8.55,-0.03999996,8439921,72438420
2017/8/4,8.56,8.61,8.47,8.48,-0.07000065,8890874,75687974
2017/8/7,8.57,8.6,8.45,8.57,0.09000015,10390331,88557488
2017/8/8,8.64,8.99,8.57,8.88,0.3100004,31402722,277868112
2017/8/9,8.18,8.32,7.95,7.96,-0.9200001,124949253,1015684368
2017/8/10,8,8,7.35,7.43,-0.5300002,108730473,822132928
2017/8/11,7.3,7.33,7.12,7.2,-0.23,66770889,482591184
2017/8/14,7.36,7.48,7.23,7.33,0.1300001,44396819,326714864
2017/8/15,7.37,7.44,7.24,7.26,-0.06999969,29298170,214829217
2017/8/16,7.28,7.38,7.24,7.34,0.07999992,17851440,130676142
2017/8/17,7.33,7.34,7.24,7.31,-0.03000021,20821999,151752216
2017/8/18,7.26,7.26,7.17,7.2,-0.1100001,20438627,147238397
2017/8/21,7.2,7.25,7.12,7.18,-0.01999998,16831300,120677063
2017/8/22,7.16,7.2,7.12,7.14,-0.03999996,26110639,186717473
2017/8/24,7.14,7.21,7.1,7.13,-0.009999752,17980986,128407645
2017/8/25,7.15,7.2,7.14,7.14,0.009999752,17585700,125913101
2017/8/28,7.16,7.19,7.02,7.03,-0.1099997,35761602,253453844
2017/8/29,7.09,7.35,6.91,7.32,0.29,48364579,344039952
2017/8/30,7.3,7.41,7.17,7.22,-0.1000004,21018720,152589760
2017/8/31,7.27,7.41,7.21,7.36,0.1400003,25385142,186184688
2017/9/1,7.36,7.38,7.25,7.29,-0.07000017,11475435,83549416
2017/9/4,7.31,7.31,7.19,7.23,-0.05999994,12102820,87590214
2017/9/5,7.23,8.12,7.23,8.11,0.8799996,101395350,797622976
2017/9/6,8,8,7.75,7.83,-0.2799997,37511712,293908464
2017/9/7,7.83,8.17,7.71,7.9,0.07000017,40689431,324128112
2017/9/8,7.95,7.95,7.62,7.68,-0.2200003,27192082,209806684
2017/9/11,7.73,7.86,7.64,7.67,-0.009999752,20851843,161170638
2017/9/12,7.71,7.84,7.69,7.74,0.06999969,14200600,109961905
2017/9/13,7.78,8.17,7.73,8.03,0.29,41108234,329024096
2017/9/14,8.05,8.33,8.04,8.22,0.1900005,46043491,379284864
2017/9/15,8.24,8.36,8.04,8.17,-0.05000019,36359829,298620288
2017/9/18,8.24,8.71,8.24,8.6,0.4300003,67149769,575698944
2017/9/19,8.63,8.67,8.51,8.6,0,29385634,252243309
2017/9/20,8.6,9.06,8.6,8.91,0.3099995,77654600,694741472
2017/9/21,8.91,9.03,8.65,8.76,-0.1499996,35364764,313190288
2017/9/22,8.75,8.75,8.49,8.63,-0.1300001,29361340,252702312
2017/9/25,8.7,8.71,8.14,8.16,-0.4700003,44932700,373619952
2017/9/26,8.08,8.44,8.06,8.25,0.09000015,35128820,288954576
2017/9/27,8.19,8.48,8.11,8.46,0.21,29876600,250804775
2017/9/28,8.48,9,8.35,8.77,0.3100004,52330112,460283888
2017/9/29,8.75,9.08,8.64,8.82,0.04999924,43339222,385168688
2017/10/3,9,9,8.72,8.8,-0.0199995,28559990,251697327
2017/10/4,8.8,8.93,8.7,8.83,0.02999973,15582599,136832032
2017/10/6,8.83,9.54,8.76,9.33,0.5,77637328,718923392
2017/10/9,9.47,10.1,9.45,9.95,0.6199999,142896483,1413421872
2017/10/10,9.96,10.32,9.85,9.93,-0.0199995,80458928,812418288
2017/10/11,9.93,10.26,9.73,9.73,-0.2000008,70849539,708890768
2017/10/12,9.8,9.88,9.41,9.5,-0.2299995,66556419,637641232
2017/10/13,9.5,10.14,9.45,10.06,0.5600004,62179689,613842096
2017/10/16,10.08,10.28,9.92,9.99,-0.07000065,49332240,498292832
2017/10/17,10.34,10.64,10.06,10.14,0.1500006,145404872,1512075504
2017/10/18,10.04,10.46,10,10.12,-0.02000046,69321627,709928112
2017/10/19,10.2,10.38,9.7,9.78,-0.3400002,57750137,581903904
2017/10/20,9.9,10.5,9.81,10.44,0.6599998,95232623,974311824
2017/10/23,10.5,11.16,10.5,10.8,0.3600006,136146954,1484182288
2017/10/24,10.68,11.08,10.62,10.7,-0.1000004,48503443,525592528
2017/10/25,10.82,10.98,10.68,10.84,0.1400003,25885088,280616128
2017/10/26,10.84,11.14,10.7,10.76,-0.07999992,38796583,422315776
2017/10/27,10.8,11.2,10.78,11.04,0.2799997,61358341,678868016
2017/10/30,11.18,11.72,11.08,11.58,0.54,103837940,1193720096
2017/10/31,11.6,12.08,11.52,11.96,0.3800001,96384025,1145635696
2017/11/1,12.24,13,12.08,12.98,1.02,185420954,2331891312
2017/11/2,13,13.26,12.38,12.66,-0.3199997,115704293,1477633264
2017/11/3,12.5,13.88,12.38,13.86,1.2,181398513,2451361568
2017/11/6,13.98,14.72,13.7,14.14,0.2800007,164024808,2338169440
2017/11/7,14.36,14.54,13.62,13.8,-0.3400002,99878452,1395104160
2017/11/8,13.64,13.8,12.98,13.24,-0.5600004,107976342,1450126176
2017/11/9,13.32,14.16,13.18,14.16,0.9200001,84580537,1156596624
2017/11/10,13.98,14.6,13.7,13.84,-0.3199997,128954494,1831210640
2017/11/13,13.7,14.76,13.66,14.36,0.5199995,108145574,1558810768
2017/11/14,14.36,14.62,13.52,13.56,-0.7999992,105494285,1475074944
2017/11/15,12.54,13.38,11.5,11.7,-1.860001,336645152,4188890112
2017/11/16,11.54,11.92,10.94,11.52,-0.1799994,208936165,2381054128
2017/11/17,11.9,12.16,10.98,11.08,-0.4400005,146509091,1703170848
2017/11/20,11.02,11.88,11.02,11.76,0.6800003,95010126,1092580816
2017/11/21,11.74,12.02,11.38,11.7,-0.06000042,75915566,885238752
2017/11/22,11.7,12.54,11.52,12.36,0.6599998,105000432,1280550000
2017/11/23,12.22,12.98,11.92,12.04,-0.3199997,103225117,1293294624
2017/11/24,12.3,12.34,11.74,11.9,-0.1400003,59817608,714353168
2017/11/27,11.88,11.88,11.3,11.42,-0.4799995,61856900,709587888
2017/11/28,11.38,11.46,10.66,11.2,-0.2200003,99214245,1097181152
2017/11/29,11.18,11.2,10.76,10.84,-0.3599997,78098858,851511760
2017/11/30,10.7,11.2,10.42,10.9,0.05999947,115838932,1248621088
2017/12/1,11.08,11.58,11.08,11.32,0.4200001,82452538,936688640
2017/12/4,11.28,11.52,11.1,11.2,-0.1199999,32802252,368919328
2017/12/5,11.06,11.16,10.5,10.52,-0.6799994,73570163,793192352
2017/12/6,10.5,10.8,10.06,10.3,-0.2200003,82044952,852261376
2017/12/7,10.42,10.5,10.1,10.28,-0.02000046,74732618,771275952
2017/12/8,10.4,10.82,10.32,10.72,0.4400005,44035100,469493520
2017/12/11,10.8,10.98,10.56,10.82,0.09999943,42333157,457290256
2017/12/12,10.76,11.38,10.76,10.94,0.1199999,55238115,612677088
2017/12/13,11.04,11.38,10.88,11.24,0.3000002,46750153,524525984
2017/12/14,11.24,11.66,10.9,11.02,-0.2199993,63077647,709361392
2017/12/15,10.9,11.58,10.9,11.28,0.2599993,56795654,642030816
2017/12/18,11.26,11.36,10.7,11.04,-0.2399998,52921684,580304688
2017/12/19,11.2,11.56,11.1,11.52,0.4800005,48114838,543468992
2017/12/20,11.58,11.74,11.16,11.66,0.1399994,47811228,546323408
2017/12/21,11.56,11.86,11.48,11.78,0.1199999,49249376,576861200
2017/12/22,11.84,12.1,11.64,12.02,0.2400007,44212249,527601568
2017/12/27,12.28,12.5,11.78,12.34,0.3199997,88735434,1080959536
2017/12/28,12.4,13.3,12.3,13.18,0.8400002,154360261,1985462624
2017/12/29,13,13.92,12.82,13.52,0.3400002,139149921,1864208880
2018/1/2,13.5,13.7,12.54,12.62,-0.9000006,117161315,1524405872
2018/1/3,12.72,12.9,12.46,12.52,-0.09999943,68835533,872773552
2018/1/4,12.68,13.22,12.68,12.76,0.2399998,73912266,956586496
2018/1/5,12.72,13.08,12.28,12.46,-0.3000002,55722714,701544368
2018/1/8,12.4,12.48,12.18,12.36,-0.1000004,35346121,434139232
2018/1/9,12.48,12.84,12.4,12.64,0.2800007,45090982,571594816
2018/1/10,12.62,12.68,12.26,12.34,-0.3000002,28598426,354324000
2018/1/11,12.3,12.64,12.22,12.54,0.1999998,32569117,405260144
2018/1/12,12.66,12.68,12.18,12.42,-0.1199999,41029076,506448672
2018/1/15,12.4,12.4,11.7,11.76,-0.6599998,64585380,771011984
2018/1/16,11.7,11.98,11.52,11.62,-0.1400003,56596371,664058272
2018/1/17,11.64,11.7,11.06,11.42,-0.1999998,84750209,952737248
2018/1/18,11.44,11.48,11.08,11.24,-0.1800003,40575384,455950192
2018/1/19,11.38,11.76,11.28,11.48,0.2399998,53059231,613084656
2018/1/22,11.48,11.74,11.22,11.52,0.04000092,31088577,356648880
2018/1/23,11.6,11.66,11.3,11.42,-0.1000004,33532038,384828032
2018/1/24,11.4,12.02,11.22,11.86,0.4399996,57464959,672378576
2018/1/25,11.84,12,11.62,11.76,-0.09999943,26972016,318940912
2018/1/26,11.74,11.88,11.42,11.5,-0.2600002,26084349,301912064
2018/1/29,11.64,11.7,10.98,11.24,-0.2600002,51538960,580659008
2018/1/30,11.16,11.24,11.02,11.2,-0.03999996,24206794,269574816
2018/1/31,11.38,11.5,11.12,11.34,0.1400003,34410620,390003088
2018/2/1,11.24,11.42,10.92,10.98,-0.3600006,35029762,387316160
2018/2/2,11.1,11.1,10.7,11.04,0.06000042,24898998,271752992
2018/2/5,10.6,10.9,10.52,10.84,-0.1999998,28609770,307143616
2018/2/6,10.38,10.42,10,10.14,-0.6999998,80597982,8.21E+08
2018/2/7,10.4,10.54,9.88,9.93,-0.21,52580379,5.32E+08
2018/2/8,10.1,10.12,9.84,9.98,0.04999924,34308702,341570592
2018/2/9,9.6,9.95,9.5,9.75,-0.2299995,57517476,5.56E+08
2018/2/12,9.84,9.84,8.73,8.86,-0.8900003,152589161,1375502784
2018/2/13,9.04,9.35,8.92,9,0.1400003,32477462,295507024
2018/2/14,9.2,9.34,9.01,9.22,0.2200003,22745610,209309855
2018/2/15,9.34,9.65,9.3,9.36,0.1399994,19092701,181093792
2018/2/20,9.44,9.6,9.21,9.48,0.1199999,15751638,148775997
2018/2/21,9.59,9.97,9.56,9.97,0.4900007,31392430,309372640
2018/2/22,9.95,10.34,9.78,10.14,0.1700001,75474222,762441296
2018/2/23,10.22,10.4,10.08,10.18,0.03999996,30600700,311828320
2018/2/26,10.24,10.76,10.18,10.66,0.4799995,50752002,535920720
2018/2/27,10.68,10.9,10.28,10.44,-0.2200003,39181939,415475728
2018/2/28,10.4,10.66,10.16,10.54,0.1000004,35987583,374020960
2018/3/1,10.42,10.7,10.22,10.58,0.03999996,30035939,315638080
2018/3/2,10.32,10.5,10.26,10.46,-0.1199999,14622079,152418022
2018/3/5,10.44,10.82,10.3,10.42,-0.03999996,26208309,275318464
2018/3/6,10.7,11.1,10.56,10.86,0.4399996,64343430,702564976
2018/3/7,10.9,10.96,10.6,10.78,-0.07999992,25413052,274344320
2018/3/8,10.78,11.22,10.78,10.92,0.1400003,25611593,282276208
2018/3/9,10.98,11.3,10.92,11.14,0.2200003,28454129,316653168
2018/3/12,11.3,11.68,11.28,11.4,0.2599993,50782887,584493760
2018/3/13,11.42,11.58,11.04,11.14,-0.2599993,29537778,331163600
2018/3/14,11,11.18,10.94,11.02,-0.1199999,21309002,235121469
2018/3/15,11,11.2,10.88,11.04,0.0199995,16755396,184959606
2018/3/16,11.1,11.16,10.7,10.98,-0.06000042,24836035,270330432
2018/3/19,10.9,11.1,10.8,10.98,0,13873300,152095209
2018/3/20,10.88,11.14,10.72,11.08,0.1000004,25252338,276160656
2018/3/21,11,11.2,10.7,10.86,-0.2200003,25690704,281982512
2018/3/22,10.82,10.98,10.38,10.58,-0.2799997,29036188,306101536
2018/3/23,10.26,10.28,9.87,10.18,-0.3999996,55473163,5.59E+08
2018/3/26,10,10.44,9.9,10.34,0.1599998,36506180,373491024
2018/3/27,10.62,11.18,10.56,10.68,0.3400002,53551127,580539216
2018/3/28,10.52,10.82,10.1,10.24,-0.4400005,53899807,561382976
2018/3/29,10.18,10.38,9.96,10.26,0.02000046,34660198,351800816
2018/4/3,10.3,10.8,10.2,10.64,0.3800001,41794745,443892016
2018/4/4,10.58,10.72,10.16,10.2,-0.4400005,24256387,252447148
2018/4/6,10.4,10.4,9.95,10.06,-0.1399994,20754891,209079617
2018/4/9,10.1,10.28,9.95,10.14,0.07999992,26844106,270916176
2018/4/10,10.22,10.62,10.06,10.26,0.1199999,40165626,415804096
2018/4/11,10.38,10.56,10.06,10.12,-0.1400003,30997941,319697552
2018/4/12,10.2,10.24,9.96,10.04,-0.07999992,23470054,235344012
2018/4/13,10.1,10.14,9.96,9.99,-0.05000019,18650879,186414895
2018/4/16,10.04,10.08,9.67,9.79,-0.1999998,42224279,412357312
2018/4/17,9.69,9.86,9.42,9.49,-0.3000002,44266299,424475472
2018/4/18,9.69,10.7,9.62,10.42,0.9300003,138374957,1412889344
2018/4/19,10.68,11.26,10.36,10.72,0.3000002,151940693,1647969184
2018/4/20,10.6,11.18,10.44,10.64,-0.07999992,71732470,775060048
2018/4/23,10.8,10.94,10.26,10.34,-0.3000002,61898006,654314656
2018/4/24,10.5,10.5,10.1,10.32,-0.02000046,43986844,452455472
2018/4/25,10.28,10.36,9.85,9.97,-0.3499994,64215957,643643152
2018/4/26,9.96,10.06,9.69,9.88,-0.09000015,25325845,248717357
2018/4/27,10.04,10.04,9.71,9.89,0.01000023,13311630,131063929
2018/4/30,9.99,10.18,9.96,10.12,0.2299995,19395723,195566172
2018/5/2,10.1,10.12,9.82,9.98,-0.1400003,24539980,244003323
2018/5/3,9.95,10.26,9.84,10.2,0.2200003,30081968,302832032
2018/5/4,10.36,10.66,10.16,10.32,0.1199999,60155187,629905040
2018/5/7,10.46,10.6,10.26,10.44,0.1199999,27521482,288334752
2018/5/8,10.58,10.66,10.32,10.34,-0.09999943,24842277,259257204
2018/5/9,10.38,10.46,10.08,10.18,-0.1599998,23606028,241736048
2018/5/10,10.5,10.88,10.46,10.78,0.5999994,94958199,1017705440
2018/5/11,11,11.1,10.48,10.56,-0.2199993,57722012,625416112
2018/5/14,10.7,10.8,10.56,10.78,0.2199993,25872110,276690800
2018/5/15,10.8,10.86,10.6,10.66,-0.1199999,20536915,219839280
2018/5/16,10.8,10.8,10.42,10.6,-0.05999947,25036440,265259293
2018/5/17,10.52,10.72,10.4,10.48,-0.1200008,18216392,191253160
2018/5/18,10.46,10.56,10.36,10.42,-0.05999947,11404524,119285193
2018/5/21,10.54,10.58,10.38,10.4,-0.02000046,18950739,198891227
2018/5/23,10.4,10.48,10.06,10.2,-0.1999998,34161084,348447600
2018/5/24,10.3,10.36,10.12,10.36,0.1599998,18362785,187613647
2018/5/25,10.38,10.38,10.08,10.16,-0.1999998,26823731,271833792
2018/5/28,10.18,10.22,10.06,10.12,-0.03999996,10760922,109124761
2018/5/29,10.16,10.34,10.06,10.16,0.03999996,12740129,129932446
2018/5/30,10.1,10.36,10,10.1,-0.05999947,27349377,277989552
2018/5/31,10.16,10.28,10.12,10.26,0.1599998,34709059,354921040
2018/6/1,10.24,10.56,10.14,10.34,0.07999992,26088325,271139360
2018/6/4,10.4,10.86,10.4,10.54,0.1999998,37596710,399262496
2018/6/5,10.66,10.66,10.48,10.56,0.02000046,15200500,160269558
2018/6/6,10.6,10.86,10.44,10.68,0.1199999,34739787,373277136
2018/6/7,10.74,10.82,10.38,10.46,-0.2200003,24441811,257949522
2018/6/8,10.42,10.56,10.24,10.32,-0.1400003,21519093,223364034
2018/6/11,10.32,10.66,10.32,10.58,0.2600002,23935736,253064404
2018/6/12,10.62,11.08,10.62,10.78,0.1999998,70571479,769077824
2018/6/13,10.78,11.56,10.78,11.28,0.5,211548305,2391019088
2018/6/14,11.38,11.5,11.1,11.48,0.1999998,90238194,1024448864
2018/6/15,11.66,11.86,11.06,11.16,-0.3199997,95346994,1096004464
2018/6/19,11.16,11.36,10.52,10.7,-0.46,72809782,790178896
2018/6/20,10.72,10.96,10.52,10.8,0.1000004,38086520,411035888
2018/6/21,10.96,11.82,10.9,11.16,0.3599997,125922500,1436895856
2018/6/22,11.24,11.42,11.08,11.3,0.1400003,49847956,563950544
2018/6/25,11.42,11.66,10.86,10.98,-0.3200006,61848179,695767664
2018/6/26,10.84,11.36,10.74,11.28,0.3000002,51493124,573234000
2018/6/27,11.24,11.46,10.18,10.24,-1.04,88272026,941541216
2018/6/28,10.3,10.4,9.78,9.9,-0.3400002,72430863,723074560
2018/6/29,9.99,10.24,9.89,10.2,0.3000002,42668500,431500336
2018/7/3,10.04,10.22,9.7,10.18,-0.0199995,38126243,378578944
2018/7/4,10.16,10.16,9.6,9.7,-0.4800005,47949385,466946560
2018/7/5,9.69,9.83,9.26,9.38,-0.3199997,51287133,482348256
2018/7/6,9.47,9.54,9.16,9.31,-0.06999969,37742324,352261936
2018/7/9,9.48,9.57,9.36,9.46,0.1499996,27074224,256674047
2018/7/10,9.6,9.66,9.18,9.3,-0.1599998,34574444,324089040
2018/7/11,9.1,9.5,9,9.27,-0.02999973,34601980,319928848
2018/7/12,9.3,9.73,9.28,9.66,0.3899994,40531898,386265136
2018/7/13,9.82,9.84,9.6,9.8,0.1400003,22911820,223362677
2018/7/16,9.75,9.86,9.51,9.72,-0.07999992,28217784,274042864
2018/7/17,9.76,9.76,9.4,9.54,-0.1800003,16146758,153910954
2018/7/18,9.6,9.66,9.4,9.51,-0.02999973,12229165,116377609
2018/7/19,9.54,9.68,9.46,9.48,-0.03000069,15367300,147198507
2018/7/20,9.56,9.61,9.38,9.58,0.1000004,15495719,146841112
2018/7/23,9.58,9.59,9.35,9.51,-0.06999969,9572222,90808767
2018/7/24,9.51,9.76,9.47,9.68,0.1700001,18545900,179386486
2018/7/25,9.77,10.04,9.68,9.94,0.2599993,29810064,296096656
2018/7/26,10,10.02,9.69,9.73,-0.21,20178800,197599335
2018/7/27,9.78,9.98,9.63,9.83,0.1000004,13261373,130708850
2018/7/30,9.82,9.87,9.52,9.65,-0.1800003,12723435,122544078
2018/7/31,9.6,9.61,9.2,9.48,-0.1700001,20362814,191705759
2018/8/1,9.55,9.64,9.29,9.38,-0.09999943,18949563,178961473
2018/8/2,9.38,9.38,8.92,9.19,-0.1900005,39308139,356824512
2018/8/3,9.25,9.25,8.98,9.02,-0.1699991,15343932,139118435
2018/8/6,9.13,9.2,8.88,8.97,-0.05000019,24175293,217296882
2018/8/7,9.08,9.13,8.93,9.08,0.1099997,18247837,164879514
2018/8/8,9.13,9.42,9.07,9.26,0.1800003,22436992,207580600
2018/8/9,9.3,9.64,9.23,9.45,0.1899996,25091051,238272966
2018/8/10,10.08,10.16,9.68,9.86,0.4099998,66849983,660388176
2018/8/13,9.6,9.74,9.15,9.19,-0.6700001,60663065,568338224
2018/8/14,9.21,9.24,8.64,8.88,-0.3099995,87461817,775424768
2018/8/15,8.9,8.9,8.5,8.62,-0.2600002,51805376,447211168
2018/8/16,8.5,8.79,8.45,8.52,-0.09999943,42283865,361855024
2018/8/17,8.68,8.7,8.48,8.51,-0.01000023,26419532,225564503
2018/8/20,8.59,8.74,8.52,8.71,0.1999998,20401074,176513500
2018/8/21,8.75,8.95,8.7,8.85,0.1400003,22007165,194904758
2018/8/22,8.95,9.06,8.8,8.98,0.1299992,21081303,188599982
2018/8/23,9,9.02,8.73,8.84,-0.1399994,17711541,156501245
2018/8/24,8.83,8.89,8.68,8.76,-0.07999992,11087544,97107560
2018/8/27,8.9,9.16,8.84,9.15,0.3899994,28928645,262122911
2018/8/28,9.17,9.3,9.04,9.24,0.09000015,23917020,219463605
2018/8/29,9.11,9.19,8.96,9.11,-0.1300001,14893742,134857609
2018/8/30,9.11,9.15,9.02,9.03,-0.07999992,8231835,74673946
2018/8/31,8.89,9.28,8.88,9.26,0.2300005,26216949,240685284
2018/9/3,9.24,9.24,8.97,9.04,-0.2200003,13101604,118945444
2018/9/4,9.07,9.22,8.99,9.13,0.09000015,12369116,112872381
2018/9/5,9.13,9.2,8.86,8.91,-0.2200003,15863179,143170712
2018/9/6,8.88,9.01,8.67,8.84,-0.06999969,17318281,152649593
2018/9/7,8.88,8.96,8.55,8.67,-0.1700001,15911682,138678499
2018/9/10,8.59,8.64,8.43,8.52,-0.1499996,18237166,154514401
2018/9/11,8.54,8.59,8.46,8.49,-0.03000069,12764347,108643972
2018/9/12,8.56,8.56,8.26,8.35,-0.1399994,23877401,200748008
2018/9/13,8.48,8.6,8.26,8.55,0.1999998,14792811,124360545
2018/9/14,8.65,8.78,8.47,8.71,0.1599998,15198450,131818826
2018/9/17,8.65,8.65,8.35,8.4,-0.3100004,10619200,89826473
2018/9/18,8.34,8.52,8.3,8.47,0.07000065,17162000,144181483
2018/9/19,8.56,8.84,8.45,8.66,0.1899996,18437875,160203170
2018/9/20,8.65,8.8,8.55,8.62,-0.03999996,10417192,90045225
2018/9/21,8.78,8.78,8.46,8.51,-0.1099997,39585294,337252000
2018/9/24,8.59,8.59,8.37,8.45,-0.06000042,8743700,73692988
2018/9/26,8.48,8.65,8.4,8.47,0.02000046,23119612,196847534
2018/9/27,8.53,8.53,8.25,8.36,-0.1100006,22723155,188959850
2018/9/28,8.45,8.5,8.38,8.44,0.07999992,13051157,110183158
2018/10/2,8.38,8.54,8.38,8.41,-0.02999973,11951403,101015406
2018/10/3,8.45,8.5,8.37,8.39,-0.0199995,11648900,97833921
2018/10/4,8.39,8.44,8.07,8.26,-0.1300001,25972300,213691064
2018/10/5,8.12,8.2,7.86,7.93,-0.3300004,32171279,255871604
2018/10/8,8.08,8.09,7.62,7.7,-0.23,35912118,280244528
2018/10/9,7.7,7.89,7.67,7.79,0.09000015,24191000,188777113
2018/10/10,7.8,7.92,7.41,7.49,-0.3000002,39673788,301145072
2018/10/11,7.1,7.18,6.7,6.92,-0.5699997,76410229,525273664
2018/10/12,7,7.22,6.72,7.18,0.2599998,45348153,317974336
2018/10/15,7.2,7.29,6.85,6.9,-0.2799997,26913949,187536785
2018/10/16,6.97,6.98,6.73,6.81,-0.09000015,22235249,151197678
2018/10/18,6.89,6.9,6.62,6.76,-0.04999971,32822029,220809205
2018/10/19,6.69,6.82,6.45,6.68,-0.0800004,30467784,201589440
2018/10/22,6.75,6.95,6.7,6.83,0.1500001,36528846,249550067
2018/10/23,6.8,6.87,6.44,6.45,-0.3800001,35073891,229320681
2018/10/24,6.5,6.55,6.18,6.23,-0.2199998,54225048,341305808
2018/10/25,6.1,6.1,5.9,6.04,-0.1900001,52154956,312435488
2018/10/26,6.19,6.2,5.94,5.99,-0.05000019,23468556,141591833
2018/10/29,6.04,6.08,5.95,6,0.01000023,14753683,88561907
2018/10/30,5.99,6.02,5.88,5.99,-0.01000023,13323479,79367640
2018/10/31,6.15,6.47,6.02,6.47,0.48,39573220,249725965
2018/11/1,6.54,6.77,6.48,6.57,0.1000004,44388713,295409744
2018/11/2,6.87,7.28,6.76,7.27,0.6999998,66804072,468906496
2018/11/5,7.04,7.17,6.9,7.13,-0.1399999,32084940,225441765
2018/11/6,7.13,7.13,6.8,6.94,-0.1900001,23874000,164582325
2018/11/7,6.94,7.06,6.78,6.88,-0.05999994,14878019,102505424
2018/11/8,7.02,7.02,6.46,6.56,-0.3200002,50356800,333147712
2018/11/9,6.48,6.51,6.26,6.35,-0.21,31851200,201975589
2018/11/12,6.4,6.5,6.25,6.5,0.1500001,16951400,108565841
2018/11/13,6.32,6.46,6.27,6.41,-0.09000015,28182509,179742380
2018/11/14,6.42,6.52,6.32,6.34,-0.06999969,27545170,176227967
2018/11/15,6.39,6.75,6.3,6.7,0.3599997,43801409,285528288
2018/11/16,6.65,7,6.65,6.86,0.1600003,40820240,279910048
2018/11/19,6.88,6.93,6.71,6.85,-0.01000023,22233592,151408095
2018/11/20,6.66,6.8,6.59,6.65,-0.1999998,24796172,165418111
2018/11/21,6.68,7.08,6.56,7.04,0.3899999,37807037,261245100
2018/11/22,7.06,7.23,6.92,7.05,0.01000023,32279730,228494793
2018/11/23,7.05,7.05,6.81,6.95,-0.1000004,23465497,161817475
2018/11/26,6.99,7,6.82,6.99,0.03999996,21299916,147695100
2018/11/27,7.02,7.22,6.98,7.2,0.21,29049349,206971903
2018/11/28,7.27,7.27,7.15,7.24,0.03999996,16735387,120482468
2018/11/29,7.29,7.35,7,7.16,-0.07999992,23858846,169807714
2018/11/30,7.16,7.27,7.03,7.19,0.03000021,31654413,227449406
2018/12/3,7.38,7.55,7.38,7.42,0.23,36771031,273960496
2018/12/4,7.45,7.62,7.43,7.62,0.1999998,28980632,219598061
2018/12/5,7.35,7.45,7.3,7.44,-0.1799998,23217224,172147024
2018/12/6,7.35,7.37,7.05,7.15,-0.29,37932785,272333248
2018/12/7,7.25,7.4,7.19,7.29,0.1399999,17186314,125616296
2018/12/10,7.2,7.45,7.05,7.44,0.1500001,18618000,134925425
2018/12/11,7.37,7.49,7.33,7.44,0,20696549,154016366
2018/12/12,7.5,7.63,7.32,7.52,0.07999992,21676100,162876213
2018/12/13,7.58,7.58,7.43,7.52,0,12780553,95739418
2018/12/14,7.53,7.53,7.35,7.45,-0.07000017,14211846,105542451
2018/12/17,7.45,7.56,7.32,7.52,0.07000017,12200518,91093995
2018/12/18,7.49,7.49,7.31,7.41,-0.1100001,14070632,104237726
2018/12/19,7.41,7.44,7.31,7.42,0.01000023,14055170,103819451
2018/12/20,7.4,7.5,7.08,7.12,-0.3000002,18461852,133422342
2018/12/21,7.07,7.12,6.74,6.85,-0.27,34536414,237545824
2018/12/24,6.84,6.87,6.73,6.83,-0.01999998,9055002,61665177
2018/12/27,6.84,7,6.69,6.76,-0.06999969,8220939,55983842
2018/12/28,6.8,6.94,6.73,6.87,0.1099997,5694726,38872950
2018/12/31,6.95,6.97,6.7,6.85,-0.01999998,4198152,28730953
2019/1/2,6.85,6.85,6.55,6.58,-0.27,14886718,98755478
2019/1/3,6.57,6.58,6.33,6.43,-0.1500001,19588583,125751493
2019/1/4,6.3,6.43,6.27,6.31,-0.1199999,24889653,157558243
2019/1/7,6.48,6.49,6.26,6.33,0.01999998,18680891,118167208
2019/1/8,6.36,6.43,6.31,6.32,-0.009999752,16009247,101609645
2019/1/9,6.38,6.6,6.38,6.53,0.21,58751092,379591728
2019/1/10,6.57,6.61,6.41,6.56,0.02999973,21388955,139521079
2019/1/11,6.61,6.63,6.48,6.57,0.01000023,12904124,84574725
2019/1/14,6.59,6.63,6.33,6.37,-0.2000003,10628271,67969361
2019/1/15,6.39,6.63,6.35,6.59,0.2200003,15769730,103034641
2019/1/16,6.58,6.58,6.49,6.56,-0.03000021,11959931,78200081
2019/1/17,6.56,6.7,6.46,6.51,-0.04999971,24692818,162269792
2019/1/18,6.5,6.83,6.5,6.79,0.2799997,21597974,145290212
2019/1/21,6.88,7.24,6.79,7.11,0.3200002,35762873,252583240
2019/1/22,7.06,7.19,6.78,6.92,-0.1900001,17371739,120545029
2019/1/23,6.85,7,6.84,6.87,-0.05000019,9058539,62382547
2019/1/24,6.91,7.42,6.82,7.37,0.5,47489309,343762480
2019/1/25,7.49,7.58,7.33,7.39,0.01999998,34312540,256284577
2019/1/28,7.4,7.5,7.15,7.23,-0.1599998,20847828,151252602
2019/1/29,7.11,7.46,7.1,7.41,0.1799998,19202900,141271284
2019/1/30,7.45,7.46,7.23,7.31,-0.0999999,9799500,71711870
2019/1/31,7.38,7.48,7.31,7.39,0.07999992,13219932,97681223
2019/2/1,7.4,7.46,7.24,7.37,-0.01999998,10085547,73820218
2019/2/4,7.35,7.47,7.32,7.36,-0.009999752,6745366,49921518
2019/2/8,7.32,7.51,7.28,7.45,0.08999968,16318972,121208342
2019/2/11,7.5,7.71,7.36,7.64,0.1900001,25459936,193006038
2019/2/12,7.65,8.27,7.64,8.2,0.5599999,61603036,494230000
2019/2/13,8.3,8.45,8.14,8.2,0,53663555,443671280
2019/2/14,8.26,8.3,8.1,8.27,0.07000065,35166017,289709024
2019/2/15,8.08,8.19,7.92,8.03,-0.2400007,47421952,381654896
2019/2/18,8.08,8.41,7.99,8.18,0.1500006,53558328,440134400
2019/2/19,8.18,8.2,7.76,7.85,-0.3300004,36470477,288035216
2019/2/20,7.86,7.99,7.77,7.95,0.0999999,22646681,178885006
2019/2/21,8,8.2,7.89,8.04,0.09000015,27523667,221790947
2019/2/22,8.03,8.51,7.87,8.48,0.4399996,55414217,460058048
2019/2/25,8.56,8.73,8.39,8.48,0,47803309,409060608
2019/2/26,8.5,8.58,8.25,8.34,-0.1399994,42269344,354001600
2019/2/27,8.33,8.42,8.01,8.07,-0.2700005,42068153,343191680
2019/2/28,8.05,8.25,7.95,7.95,-0.1199999,25126474,202741747
2019/3/1,7.98,8.15,7.97,8.12,0.1700001,16900126,136343548
2019/3/4,8.26,8.39,8.17,8.25,0.1300001,21994528,182326482
2019/3/5,8.25,8.54,8.19,8.44,0.1899996,30491308,255385477
2019/3/6,8.49,8.53,8.2,8.26,-0.1799994,28407714,236016787
2019/3/7,8.16,8.22,8,8.05,-0.21,26754823,216266390
2019/3/8,7.93,8.42,7.92,8.05,0,42347771,347253632
2019/3/11,8,8.58,8,8.5,0.4499998,60152022,507478320
2019/3/12,8.6,8.63,8.32,8.45,-0.05000019,31308890,264322120
2019/3/13,8.41,8.49,8.32,8.34,-0.1099997,17593215,147434289
2019/3/14,8.35,8.49,8.12,8.15,-0.1900005,27413411,224963027
2019/3/15,8.14,8.27,8.09,8.09,-0.05999947,25472654,207512576
2019/3/18,8.1,8.2,7.99,8.07,-0.02000046,32518900,262171331
2019/3/19,8.08,8.25,8,8.14,0.07000065,19297410,156191610
2019/3/20,8.15,8.18,7.77,7.84,-0.3000002,39902392,315384496
2019/3/21,7.84,7.94,7.78,7.85,0.009999752,15586091,122200132
2019/3/22,7.96,8.01,7.72,7.83,-0.01999998,21009286,164515457
2019/3/25,7.67,7.78,7.62,7.73,-0.0999999,20324300,156221343
2019/3/26,7.84,7.85,7.6,7.67,-0.05999994,13696120,105262606
2019/3/27,7.71,7.75,7.6,7.67,0,12073264,92524897
2019/3/28,7.72,7.93,7.69,7.81,0.1399999,15174986,118849823
2019/3/29,7.88,7.94,7.72,7.94,0.1300001,21262953,167038720
2019/4/1,8,8.02,7.85,7.88,-0.05999994,20874420,165114945
2019/4/2,7.88,8.18,7.88,8.13,0.25,33417048,268897136
2019/4/3,8.18,8.21,8.05,8.13,0,19157974,155706081
2019/4/4,8.21,8.34,7.99,8.08,-0.05000019,26764413,217953929
2019/4/8,8.1,8.16,7.82,8.01,-0.06999969,21660794,172486096
2019/4/9,8.04,8.08,7.88,7.99,-0.02000046,19185266,153178607
2019/4/10,7.91,8,7.85,7.97,-0.01999998,20054273,158690989
2019/4/11,7.95,8,7.73,7.78,-0.1899996,17293265,135037592
2019/4/12,7.82,7.96,7.73,7.93,0.1499996,14172900,111420103
2019/4/15,7.96,8.14,7.91,7.96,0.03000021,20426448,164415225
2019/4/16,8.02,8.05,7.85,7.94,-0.01999998,16577810,131630520
2019/4/17,8,8.29,7.94,8.15,0.2099996,44013023,359108384
2019/4/18,8.1,8.48,8.08,8.37,0.2200003,45844534,383682144
2019/4/23,8.37,8.41,8.18,8.3,-0.06999969,19520570,161776847
2019/4/24,8.36,8.45,8.2,8.31,0.01000023,18272924,151734269
2019/4/25,8.22,8.38,8.05,8.09,-0.2200003,16489002,135173395
2019/4/26,8.11,8.22,8.03,8.16,0.06999969,13956714,113363895
2019/4/29,8.24,8.28,8.14,8.2,0.03999996,13041550,107078465
2019/4/30,8.2,8.46,8.11,8.39,0.1900005,22501490,187819465
2019/5/2,8.25,8.57,8.25,8.51,0.1199999,12817452,108766688
2019/5/3,8.48,9.27,8.41,9.12,0.6099997,58611472,529308976
2019/5/6,8.5,8.76,8.19,8.4,-0.7200003,57377282,484471760
2019/5/7,8.47,8.53,8.16,8.33,-0.06999969,27225186,225884105
2019/5/8,8.1,8.3,7.99,8.04,-0.29,23444636,190118590
2019/5/9,8.44,8.45,8.02,8.03,-0.01000023,39152817,319226096
2019/5/10,8.05,8.38,8.05,8.23,0.1999998,33875230,279621472
2019/5/14,8.06,8.22,7.92,8,-0.2299995,23931029,192189313
2019/5/15,8.07,8.35,8.04,8.24,0.2399998,22275636,183421367
2019/5/16,8.3,8.33,8.03,8.03,-0.21,20352024,165739455
2019/5/17,8.11,8.24,8,8.03,0,26822925,217964047
2019/5/20,8.21,8.82,8.21,8.67,0.6400003,81744246,702184128
2019/5/21,8.67,8.73,8.48,8.58,-0.09000015,29704607,255402065
2019/5/22,8.67,9.35,8.58,9.07,0.4899998,84979280,775107200
2019/5/23,9.02,9.35,8.64,8.8,-0.2699995,67421229,607156336
2019/5/24,8.98,9,8.38,8.42,-0.3800001,32479600,276436816
2019/5/27,8.5,9.3,8.5,9.27,0.8500004,84394486,763737296
2019/5/28,9.19,9.76,9.17,9.27,0,88488976,838820096
2019/5/29,9.28,9.54,9.04,9.09,-0.1800003,39853858,367623472
2019/5/30,9.12,9.42,8.99,9.32,0.2299995,44869733,414675792
2019/5/31,9.36,9.54,9.15,9.43,0.1100006,49538505,464925984
2019/6/3,9.5,9.51,9.02,9.18,-0.25,44636947,410527600
2019/6/4,9.2,9.25,8.79,8.84,-0.3400002,33941914,302993824
2019/6/5,9,9.08,8.81,8.88,0.03999996,21520086,192211793
2019/6/6,8.96,8.98,8.7,8.76,-0.1199999,17122500,150117644
2019/6/10,8.82,8.99,8.77,8.96,0.1999998,17608153,156881134
2019/6/11,8.94,9.17,8.91,8.98,0.0199995,28483261,258172906
2019/6/12,8.81,8.96,8.67,8.69,-0.29,19629373,172389179
2019/6/13,8.71,8.78,8.4,8.55,-0.1399994,31364087,266839421
2019/6/14,8.57,8.61,8.37,8.42,-0.1300001,16372724,138464941
2019/6/17,8.44,8.5,8.23,8.23,-0.1900005,15418996,128408192
2019/6/18,8.28,8.4,8.25,8.33,0.1000004,15043307,125260446
2019/6/19,8.52,8.6,8.41,8.49,0.1599998,20041191,170284811
2019/6/20,8.54,8.73,8.46,8.61,0.1199999,20398715,175801084
2019/6/21,8.65,8.75,8.4,8.45,-0.1599998,27579996,234862977
2019/6/24,8.46,8.6,8.4,8.54,0.09000015,14822516,126321677
2019/6/25,8.52,8.53,8.29,8.33,-0.21,14421998,120338767
2019/6/26,8.32,8.41,8.26,8.34,0.01000023,10507691,87824274
2019/6/27,8.45,8.58,8.37,8.54,0.1999998,14524230,123245984
2019/6/28,8.51,8.77,8.49,8.7,0.1599998,24160662,209631844
2019/7/2,8.86,8.96,8.77,8.86,0.1599998,28583528,253113504
2019/7/3,8.73,8.88,8.63,8.74,-0.1199999,15103220,132056303
2019/7/4,8.69,8.79,8.53,8.58,-0.1599998,10201150,88053524
2019/7/5,8.53,8.62,8.41,8.46,-0.1199999,12575388,106394685
2019/7/8,8.46,8.46,8.33,8.4,-0.06000042,10848079,90945283
2019/7/9,8.4,8.45,8.25,8.28,-0.1199999,9427532,78275321
2019/7/10,8.33,8.45,8.29,8.42,0.1400003,9055328,75927161
2019/7/11,8.46,8.5,8.32,8.42,0,8738903,73565895
2019/7/12,8.42,8.46,8.26,8.26,-0.1599998,10797852,90005557
2019/7/15,8.3,8.45,8.18,8.43,0.1700001,17647924,146971705
2019/7/16,8.4,8.58,8.4,8.48,0.04999924,11004800,93476269
2019/7/17,8.47,8.6,8.35,8.51,0.03000069,9678952,82434503
2019/7/18,8.46,8.46,8.26,8.35,-0.1599998,9628590,80097786
2019/7/19,8.38,8.51,8.38,8.47,0.1199999,7503765,63390694
2019/7/22,8.46,8.79,8.37,8.51,0.03999996,18143179,156568706
2019/7/23,8.57,8.82,8.51,8.81,0.3000002,19597865,171703109
2019/7/24,8.85,8.9,8.7,8.73,-0.08000088,16262979,142990530
2019/7/25,8.8,9.13,8.73,9.11,0.3800001,38393107,346568144
2019/7/26,9.05,9.15,8.96,9.02,-0.0899992,16232304,146702396
2019/7/29,8.94,9.21,8.93,9.12,0.09999943,20043919,182442499
2019/7/30,9.03,9.36,9.03,9.22,0.1000004,22395862,206903454
2019/7/31,9.18,9.34,9.06,9.29,0.06999969,12261982,112696368
2019/8/1,9.15,9.39,9.11,9.18,-0.1099997,17404195,159923298
2019/8/2,8.98,9.08,8.75,8.79,-0.3900003,22363600,198140087
2019/8/5,8.74,8.86,8.6,8.65,-0.1400003,19871576,173127791
2019/8/6,8.46,8.65,8.23,8.58,-0.06999969,25839492,218477211
2019/8/7,8.55,8.73,8.38,8.46,-0.1199999,15702468,133158105
2019/8/8,8.48,8.71,8.48,8.66,0.1999998,14920250,129046728
2019/8/9,8.56,9.31,8.56,8.91,0.25,45945400,413133168
2019/8/12,8.83,9.16,8.83,8.87,-0.03999996,18643297,167532500
2019/8/13,8.82,8.88,8.35,8.39,-0.4799995,36956887,316045952
2019/8/14,8.58,8.66,8.47,8.5,0.1099997,23798419,203195760
2019/8/15,8.34,8.38,8.26,8.3,-0.1999998,24625559,205387948
2019/8/16,8.32,8.51,8.23,8.36,0.05999947,16921656,141708982
2019/8/19,8.44,8.6,8.44,8.5,0.1400003,20285700,172879215
2019/8/20,8.58,8.78,8.53,8.63,0.1300001,17887709,155317025
2019/8/21,8.85,9.12,8.77,9.1,0.4700003,48525350,436757248
2019/8/22,9.16,9.17,8.86,8.99,-0.1100006,16116887,145014314
2019/8/23,9.04,9.08,8.85,8.91,-0.07999992,12611306,112726953
2019/8/26,8.52,8.82,8.51,8.73,-0.1800003,14873900,129544282
2019/8/27,8.75,8.98,8.69,8.77,0.04000092,21161151,186607159
2019/8/28,8.89,8.9,8.66,8.7,-0.07000065,10944429,95649317
2019/8/29,8.76,8.77,8.55,8.6,-0.09999943,10623795,91337403
2019/8/30,8.68,8.81,8.51,8.62,0.0199995,15200237,131595361
2019/9/2,8.62,8.98,8.58,8.79,0.1700001,19926376,175727482
2019/9/3,8.79,9.03,8.7,8.71,-0.07999992,12383221,109369255
2019/9/4,8.75,8.88,8.64,8.81,0.1000004,18815072,165219255
2019/9/5,8.89,9.25,8.81,9.19,0.3799992,45825406,416963200
2019/9/6,9.26,9.48,9.15,9.23,0.03999996,35592778,331791984
2019/9/9,9.26,9.89,9.17,9.89,0.6600008,73950175,712138944
2019/9/10,9.89,10.06,9.57,9.72,-0.1700001,43709985,428641504
2019/9/11,9.7,9.91,9.54,9.7,-0.02000046,26614713,259003676
2019/9/12,9.72,9.82,9.64,9.82,0.1199999,11661877,113938791
2019/9/13,9.87,10.16,9.73,10.14,0.3200006,21938430,219489887
2019/9/16,9.99,10.6,9.98,10.56,0.4200001,76118878,793589504
2019/9/17,10.42,10.54,10.22,10.3,-0.2600002,41310430,428205872
2019/9/18,10.36,10.8,10.36,10.62,0.3199997,59000963,626819488
2019/9/19,10.74,10.74,10.5,10.56,-0.05999947,36105614,383360096
2019/9/20,10.68,11.06,10.6,10.72,0.1599998,57323236,621497040
2019/9/23,10.76,10.76,10.32,10.42,-0.3000002,45154837,473700736
2019/9/24,10.5,10.62,10.36,10.6,0.1800003,33033198,346407920
2019/9/25,10.5,10.56,9.9,10.16,-0.4400005,42438135,430516160
2019/9/26,10.2,10.36,9.72,9.93,-0.2299995,47244455,467055024
2019/9/27,9.92,10.08,9.81,9.89,-0.03999996,16125413,160341227
2019/9/30,9.87,9.88,9.7,9.8,-0.09000015,13824610,135437643
2019/10/2,9.74,9.98,9.7,9.94,0.1399994,13312871,131614585
2019/10/3,9.8,10.16,9.79,9.92,-0.0199995,13252111,131922297
2019/10/4,9.97,9.98,9.56,9.64,-0.2799997,18695909,181384177
2019/10/8,9.66,9.82,9.51,9.54,-0.1000004,23521573,225941404
2019/10/9,9.5,9.66,9.41,9.53,-0.01000023,18375995,175400241
2019/10/10,9.62,9.85,9.5,9.72,0.1900005,22629932,220661952
2019/10/11,9.83,9.99,9.75,9.8,0.07999992,23478673,232014568
2019/10/14,9.95,10.08,9.77,9.87,0.06999969,16245957,160896724
2019/10/15,9.9,9.93,9.66,9.68,-0.1899996,12000600,117021169
2019/10/16,9.69,9.96,9.69,9.72,0.03999996,19776158,194057641
2019/10/17,9.88,9.88,9.66,9.74,0.0199995,12764015,124445813
2019/10/18,9.74,9.97,9.66,9.69,-0.05000019,15597618,152803808
2019/10/21,9.67,9.76,9.62,9.76,0.07000065,6736864,65302500
2019/10/22,9.79,9.87,9.67,9.76,0,7892583,76864376
2019/10/23,9.72,9.79,9.5,9.64,-0.1199999,12444400,119457702
2019/10/24,9.64,9.72,9.38,9.45,-0.1900005,11984766,113355065
2019/10/25,9.5,9.7,9.48,9.56,0.1100006,9413959,90187767
2019/10/28,9.65,9.72,9.48,9.69,0.1299992,10550485,101612066
2019/10/29,9.78,9.8,9.63,9.69,0,6862140,66547320
2019/10/30,9.71,9.76,9.37,9.42,-0.2699995,17237732,163867168
2019/10/31,9.44,10.18,9.43,9.99,0.5699997,46935928,467035040
2019/11/1,9.92,10.26,9.84,10.1,0.1100006,25324500,255475097
2019/11/4,10.16,10.42,10.12,10.36,0.2599993,26708185,275441664
2019/11/5,10.4,10.54,10.24,10.4,0.03999996,20176554,209369269
2019/11/6,10.44,10.5,10.22,10.3,-0.09999943,13416572,138696751
2019/11/7,10.3,10.34,9.61,9.83,-0.4700003,49395045,487176512
2019/11/8,9.91,10.06,9.71,9.84,0.01000023,22014708,217423618
2019/11/11,9.84,9.91,9.6,9.69,-0.1500006,20601481,199918903
2019/11/12,9.7,9.77,9.58,9.72,0.03000069,11873133,114870844
2019/11/13,10.36,10.54,9.96,10.34,0.6199999,90390382,924289168
2019/11/14,10.48,11,10.36,10.9,0.5599995,88512804,963141120
2019/11/15,10.98,11.1,10.6,10.6,-0.2999992,35969076,388042144
2019/11/18,10.9,10.9,10.48,10.6,0,20292159,215397427
2019/11/19,10.28,10.3,10.04,10.18,-0.4200001,76029715,771186944
2019/11/20,10.16,10.32,10.1,10.14,-0.03999996,30422827,310533552
2019/11/21,10.08,10.18,9.93,10.06,-0.07999992,21746653,218506246
2019/11/22,10.14,10.44,10.06,10.12,0.05999947,29021265,296695216
2019/11/25,10.24,10.24,10.02,10.14,0.02000046,14235460,144475738
2019/11/26,10.08,10.26,10.02,10.06,-0.07999992,24777738,250200610
2019/11/27,10.16,10.46,10.1,10.22,0.1599998,28237093,291516576
2019/11/28,10.26,10.5,10.24,10.34,0.1199999,16702168,172836459
2019/11/29,10.32,10.32,9.95,9.98,-0.3600006,22388788,224875458
2019/12/2,10.08,10.22,9.99,10.1,0.1200008,20666471,208458718
2019/12/3,9.93,10.16,9.92,10.1,0,11188059,112261715
2019/12/4,10,10.46,10,10.36,0.2599993,39182499,405075440
2019/12/5,10.36,10.76,10.32,10.62,0.2600002,57871192,614804144
2019/12/6,10.68,10.94,10.62,10.78,0.1599998,44949929,486677376
2019/12/9,10.92,11,10.68,10.82,0.03999996,32902678,357351936
2019/12/10,10.72,11.3,10.72,11.14,0.3200006,74154900,825659072
2019/12/11,11.24,11.38,11,11.14,0,37552012,419796112
2019/12/12,11.16,11.38,11.08,11.14,0,38529366,433516144
2019/12/13,11.32,11.38,10.86,11.22,0.07999992,50641726,562059392
2019/12/16,11.12,11.64,11.02,11.34,0.1199999,54291050,620868320
2019/12/17,11.3,11.56,11.16,11.36,0.0199995,36911466,418618912
2019/12/18,11.4,11.44,11.26,11.38,0.02000046,29957857,339540304
2019/12/19,11.4,11.42,11.04,11.2,-0.1800003,30385085,339789696
2019/12/20,11.22,11.3,11.06,11.16,-0.03999996,18390230,205608428
2019/12/23,11.08,11.14,10.8,10.96,-0.1999998,42771489,466845712
2019/12/24,10.96,11.48,10.94,11.42,0.46,40969335,465149984
2019/12/27,11.7,12.02,11.7,11.82,0.3999996,82100926,977840608
2019/12/30,11.9,11.98,11.72,11.76,-0.05999947,34621182,410918256
2019/12/31,11.72,12.14,11.72,11.94,0.1799994,34806116,417685232
2020/1/2,11.94,12.78,11.94,12.7,0.7600002,113010310,1414525488
2020/1/3,12.84,13.04,12.5,12.64,-0.05999947,63114482,804219344
2020/1/6,12.6,13.3,12.54,13.04,0.3999996,101621920,1324644160
2020/1/7,13.04,13.08,12.44,12.6,-0.4399996,70943866,901128752
2020/1/8,12.42,12.96,12.4,12.72,0.1199999,48493079,619148288
2020/1/9,12.9,13.08,12.8,13,0.2799997,26803698,347183184
2020/1/10,13.02,13.2,12.88,12.96,-0.03999996,26619988,346307648
2020/1/13,13.04,13.76,13,13.68,0.7200003,92222843,1249751024
2020/1/14,13.94,14.3,13.64,13.64,-0.03999996,66648225,928024640
2020/1/15,13.62,14.5,13.62,14.4,0.7599993,98437960,1402865360
2020/1/16,14.52,15.28,14.38,15.28,0.8800001,152181094,2267208448
2020/1/17,15.28,15.78,15.04,15.44,0.1599998,111147847,1715912048
2020/1/20,15.5,16,15.3,15.88,0.4400005,93728576,1482258752
2020/1/21,15.8,15.88,14.82,15,-0.8800001,103533168,1579511184
2020/1/22,14.92,16.2,14.92,16.1,1.1,90139468,1419862944
2020/1/23,15.88,16.44,14.9,15.5,-0.6000004,101355472,1584504496
2020/1/24,15.5,16.2,15.16,16.14,0.6399994,40225238,640280704
2020/1/29,15.44,16.06,15.34,15.62,-0.5199995,65991990,1039062784
2020/1/30,15.6,15.82,13.8,14.08,-1.54,116651802,1682392000
2020/1/31,14.3,14.74,14.14,14.3,0.2200003,72774195,1048506688
2020/2/3,14.02,15.1,13.6,14.72,0.4200001,153127293,2228577744
2020/2/4,15.04,15.64,15,15.48,0.7599993,92149347,1414140528
2020/2/5,15.64,16.82,15.46,16.8,1.32,178999553,2915201536
2020/2/6,16.98,17.52,16.52,17.18,0.3800011,140236003,2405114480
2020/2/7,17.04,17.62,16.7,17.36,0.1800003,88931534,1528788656
2020/2/10,17.16,17.8,16.7,16.76,-0.6000004,103149920,1771624448
2020/2/11,16.98,17.1,16.36,16.46,-0.3000011,87390375,1455536528
2020/2/12,16.5,16.56,15.92,16.22,-0.2399998,142179433,2296180448
2020/2/13,16.38,17.64,16.38,17.28,1.060001,144538776,2481579744
2020/2/14,17.82,17.92,16.02,16.26,-1.02,254709378,4229340112
2020/2/17,16,17.04,15.8,16.14,-0.1200008,169436307,2772003568
2020/2/18,16.26,16.26,14.4,15.18,-0.9599991,266335797,4050157520
2020/2/19,15.5,15.86,15.28,15.72,0.54,115414443,1806092208
2020/2/20,15.72,16.06,15.32,15.74,0.0199995,91943589,1442862096
2020/2/21,15.56,16.04,15.22,15.22,-0.5199995,95972180,1491493072
2020/2/24,15.2,15.78,14.96,15.5,0.2799997,108167824,1668760016
2020/2/25,15.4,16.66,15.26,16.62,1.120001,187508302,3035950000
2020/2/26,16.4,16.96,15.86,16.02,-0.6000004,158749828,2611616816
2020/2/27,16.16,16.42,15.84,16.04,0.02000046,76749620,1235880144
2020/2/28,15.5,15.66,14.7,15.1,-0.9400005,182961391,2764563200
2020/3/2,15,15.5,14.9,15.22,0.1199999,92729253,1416184544
2020/3/3,15.62,15.7,14.96,15.1,-0.1199999,75180285,1156855200
2020/3/4,15.06,15.2,14.34,14.7,-0.4000006,114931879,1684458032
2020/3/5,14.94,15.08,14.6,14.98,0.2799997,73189187,1088810864
2020/3/6,14.74,15.44,14.64,15.26,0.2800007,80113533,1206504320
2020/3/9,14.52,14.88,13.96,13.96,-1.3,125975060,1811357152
2020/3/10,14,14.56,13.6,14.32,0.3599997,122288620,1731436928
2020/3/11,14.46,14.54,13.7,13.82,-0.5,78862009,1106837952
2020/3/12,13.62,13.74,13.1,13.16,-0.6599998,99938073,1327165392
2020/3/13,12.2,13.64,12.04,13.56,0.4000006,148603927,1918915440
2020/3/16,13.28,13.38,11.88,12,-1.56,155245457,1925530208
2020/3/17,12.08,12.5,11.52,12.24,0.2399998,114169131,1379821152
2020/3/18,12.3,12.7,11.48,11.66,-0.5799999,102150352,1241262368
2020/3/19,11.86,12.12,11.18,11.9,0.2399998,116789058,1356040464
2020/3/20,12.38,12.42,11.8,12.16,0.2600002,83722720,1020156864
2020/3/23,11.5,11.9,11.38,11.38,-0.7799997,68924981,802261120
2020/3/24,11.76,12.24,11.66,12.12,0.7399998,78676616,940657040
2020/3/25,12.56,12.92,12.32,12.66,0.54,100211085,1267938688
2020/3/26,12.5,12.82,12.42,12.5,-0.1599998,53689300,678782848
2020/3/27,12.88,12.94,12,12.14,-0.3599997,74766967,924564480
2020/3/30,11.86,12.1,11.52,11.78,-0.3600006,68355204,802298928
2020/3/31,12.1,12.2,11.86,12.2,0.4200001,45212183,544259392
2020/4/1,12.12,12.6,11.98,12.14,-0.05999947,61439260,755359024
2020/4/2,12,12.48,12,12.46,0.3199997,29149609,359523264
2020/4/3,12.32,12.54,12.08,12.18,-0.2799997,22081576,269135200
2020/4/6,12.4,12.8,12.18,12.78,0.5999994,41018262,514687584
2020/4/7,12.94,13.32,12.74,13.28,0.5,100497686,1313934576
2020/4/8,13.9,14.4,13.52,13.96,0.6800003,188312782,2636051824
2020/4/9,14.2,14.34,13.76,13.96,0,70885422,997696608
2020/4/14,14,14.24,13.7,14.04,0.07999992,54809797,765954944
2020/4/15,14.18,14.72,14.1,14.32,0.2799997,81258822,1179454896
2020/4/16,14.24,15.02,14.2,14.94,0.6199999,98965125,1467996992
2020/4/17,15.3,15.38,14.8,15.04,0.1000004,100291641,1521152080
2020/4/20,15.22,15.66,14.92,15.58,0.54,72528046,1119289952
2020/4/21,15.48,15.48,14.58,14.82,-0.7600002,96968450,1446596736
2020/4/22,14.6,15.06,14.58,15,0.1800003,57521797,856904752
2020/4/23,15.16,15.2,14.54,14.56,-0.4399996,60376813,889081808
2020/4/24,14.6,14.64,13.92,14.04,-0.5200005,70322272,992289792
2020/4/27,14.16,14.48,14.02,14.06,0.02000046,53700813,760993824
2020/4/28,14.18,15.08,14,14.98,0.9199991,64777793,953158672
2020/4/29,15.02,15.06,14.62,14.82,-0.1599998,23978844,354404784
2020/5/4,14.3,15.34,14.28,15.2,0.3800001,62342671,937172448
2020/5/5,15.44,15.46,15.02,15.26,0.06000042,30542768,466610608
2020/5/6,16.16,17.1,16.16,16.9,1.639999,291741952,4876798976
2020/5/7,16.96,17.78,16.9,16.94,0.04000092,154506375,2671253616
2020/5/8,17.3,17.56,16.8,17.04,0.1000004,78263761,1337494624
2020/5/11,17.28,17.5,16.84,17.04,0,80543319,1384998496
2020/5/12,16.98,17.38,16.74,17.14,0.09999847,78186418,1338036448
2020/5/13,16.8,17.24,16.68,17.18,0.04000092,73853356,1259787216
2020/5/14,17.9,18.94,17.56,18.84,1.66,269042720,4940803584
2020/5/15,19.22,19.44,18.62,19.16,0.3199997,117193477,2238020448
2020/5/18,19.8,20.7,17.82,17.94,-1.219999,396450288,7549708544
2020/5/19,18.3,19.48,18.14,19.3,1.359999,168518405,3182056528
2020/5/20,19.4,19.66,18.6,18.82,-0.4799995,106657117,2033993024
2020/5/21,18.82,18.92,17.2,17.5,-1.32,230350604,4118057152
2020/5/22,17.04,17.48,16.6,16.92,-0.5799999,179077563,3050256672
2020/5/25,17.04,17.66,16.64,17.58,0.6599998,105634460,1825829216
2020/5/26,17.82,18.02,17.32,17.46,-0.1200008,84004300,1477799776
2020/5/27,17.64,17.84,17.18,17.4,-0.05999947,74140700,1295036288
2020/5/28,17.34,17.4,16.18,16.64,-0.7600002,119790538,1997210096
2020/5/29,16.44,17.2,16.44,16.84,0.2000008,86071541,1448480304
2020/6/1,17.26,18.2,17.26,18.18,1.34,116802689,2091324624
2020/6/2,18.7,19.12,18.28,18.7,0.5200005,121768478,2275677872
2020/6/3,18.92,19.12,18.48,18.74,0.03999901,75724072,1425961760
2020/6/4,18.92,18.94,18.32,18.68,-0.05999947,64703877,1202874928
2020/6/5,18.82,19.86,18.68,19.7,1.02,139861335,2716817536
2020/6/8,19.98,20.45,19.5,19.86,0.1599998,105417102,2102103376
2020/6/9,19.78,20.1,19.36,19.44,-0.4200001,57485281,1135708400
2020/6/10,19.52,19.52,18.52,18.84,-0.6000004,170252522,3189139504
2020/6/11,19.18,19.3,18.56,18.76,-0.07999992,103800928,1970722416
2020/6/12,18.34,19.38,18.22,19.38,0.6199989,88246478,1667000208
2020/6/15,19.06,19.64,18.86,19.08,-0.2999992,68359409,1307964016
2020/6/16,19.52,21.35,19.4,21.35,2.27,181637059,3733639664
2020/6/17,21.35,22.5,20.9,21.7,0.3500004,144932761,3163364240
2020/6/18,21.8,23.25,21.55,23.2,1.5,160568236,3636964640
2020/6/19,23.35,23.45,22.1,22.9,-0.3000011,104498602,2381951808
2020/6/22,23,24.75,22.9,24.2,1.300001,142906513,3455178512
2020/6/23,24.2,26.45,23.85,26.45,2.25,105368486,2671134192
2020/6/24,26.85,28.45,26.65,27.45,1,112107086,3084561216
2020/6/26,27.6,28.75,27.5,28.6,1.15,67907230,1925382416
2020/6/29,28.85,28.85,25.95,26.6,-2,202508918,5490054912
2020/6/30,27.65,28,25.4,27,0.3999996,189956090,5035601152
2020/7/2,27.95,31.6,27.6,31.6,4.6,219783146,6532614144
2020/7/3,33.25,34.7,30.95,33.25,1.65,239757717,7868000256
2020/7/6,33.5,40.25,33.3,40.1,6.849998,308698448,11527280640
2020/7/7,42.2,44.5,36,36.55,-3.549999,418624256,16304438784
2020/7/8,37.9,39.95,36.5,39.9,3.350002,215414110,8298370560
2020/7/9,39.9,41.75,39.2,39.95,0.04999924,179467775,7271741440
2020/7/10,40,41.95,39.6,41.25,1.299999,132918994,5439901696
2020/7/13,42,42.95,41.6,41.95,0.7000008,119881553,5056129024
2020/7/14,42,42.1,38.85,41.8,-0.1500015,177000182,7135023872
2020/7/15,44.2,44.8,38.1,38.45,-3.349998,351398944,13963786240
2020/7/16,39.3,39.9,27.5,28.75,-9.700001,711161088,22567324416
2020/7/17,28.75,30.8,28.5,29,0.25,267323127,7895376384
2020/7/20,28.95,29.55,25.8,28.2,-0.7999992,363760944,9954168832
2020/7/21,29.4,30.75,28.4,29.35,1.15,213400139,6308170496
2020/7/22,29.2,30.2,26.7,27,-2.35,201464919,5767246080
2020/7/23,27.8,28,26.05,27.7,0.7000008,193823642,5256486912
2020/7/24,26.95,27.5,25.1,25.65,-2.050001,196170320,5139201024
2020/7/27,26.15,26.4,24.1,24.85,-0.7999992,150980019,3799844688
2020/7/28,25.45,26.5,25.2,26.3,1.449999,129535557,3352928112
2020/7/29,26.1,29.1,25.95,28.6,2.300001,219435379,6080299264
2020/7/30,29.05,29.4,28,28.2,-0.3999996,140213097,4009832432
2020/7/31,28.65,30.2,28,29.85,1.65,177329009,5184599296
2020/8/3,30.85,31.7,30.05,31.3,1.449999,192890203,5983906560
2020/8/4,32,32,29.85,30.5,-0.7999992,114107563,3495150224
2020/8/5,32.6,33,31,32,1.5,201591957,6419468288
2020/8/6,32,32.95,31.1,32.75,0.75,169434883,5466315520
2020/8/7,32,32.25,29.35,29.9,-2.85,279376752,8456494848
2020/8/10,28.8,28.85,27.4,27.8,-2.1,148853322,4181205280
2020/8/11,27.4,28.35,27.35,27.7,-0.09999847,80936239,2252541056
2020/8/12,27.85,27.85,25.8,26.85,-0.8500004,117708669,3116869104
2020/8/13,27.35,28.2,27,27.45,0.6000004,65692745,1812289088
2020/8/14,27.25,27.8,27.1,27.5,0.04999924,35131654,964861344
2020/8/17,27.5,27.65,26.7,27.15,-0.3500004,59241890,1605082800
2020/8/18,27.25,27.35,26.3,26.6,-0.5499992,87318951,2325115776
2020/8/19,26,26.6,25.55,26.05,-0.5500011,49524544,1283493184
2020/8/20,26,27.2,25.6,26.9,0.8500004,77034197,2061467056
2020/8/21,27.2,27.4,25.95,25.95,-0.9499989,76541361,2010222992
2020/8/24,26.2,26.45,25.05,25.7,-0.25,85202174,2172291520
2020/8/25,25.7,26.25,25.4,25.95,0.25,47448078,1225310688
2020/8/26,26.05,26.2,24.6,24.95,-1,92773557,2330298080
2020/8/27,24.65,26.45,24.1,25.7,0.75,139274796,3527540304
2020/8/28,26.3,26.4,25.5,25.75,0.04999924,109474733,2840218304
2020/8/31,25.85,26,24.7,24.9,-0.8500004,97447778,2461670432
2020/9/1,24.85,25.1,24.35,25,0.1000004,60144905,1485353744
2020/9/2,24.8,25.3,24.45,24.95,-0.04999924,54097243,1342712816
2020/9/3,24.85,25.3,24.3,24.6,-0.3500004,115726489,2871757632
2020/9/4,22.5,23.85,22.45,23.65,-0.9500008,375630880,8803428096
2020/9/7,20.05,20.9,17.76,18.24,-5.41,552263328,10663055616
2020/9/8,17.96,19.2,17.96,18.8,0.5599995,156284868,2922415920
2020/9/9,18.7,18.7,17.94,18.42,-0.3799992,109879547,2004499408
2020/9/10,18.68,19.06,18.24,18.24,-0.1800003,73153562,1359651104
2020/9/11,18.3,19.5,18.3,19.48,1.24,101360996,1933134608
2020/9/14,19.58,19.7,18.9,19.16,-0.3199997,66002568,1267445424
2020/9/15,19.3,19.74,18.68,19.54,0.3800011,86205195,1665827456
2020/9/16,19.74,21.4,19.34,20.25,0.7099991,138021058,2836888800
2020/9/17,20.2,20.45,19.72,19.94,-0.3099995,70958111,1415683216
2020/9/18,20,20.6,19.94,20.6,0.6599998,167196883,3424124544
2020/9/21,21.45,21.45,20.25,20.4,-0.2000008,100230775,2074773536
2020/9/22,20.2,21,20.1,20.45,0.05000114,49923165,1030115280
2020/9/23,20.55,20.7,19.64,20.15,-0.3000011,59558676,1192592640
2020/9/24,19.8,20.25,19.16,19.34,-0.8099995,48811975,955074384
2020/9/25,19.46,19.78,18.18,18.58,-0.7600002,72071891,1350054480
2020/9/28,17.16,18.04,17.12,17.86,-0.7199993,120473495,2116871616
2020/9/29,17.9,18.14,17.46,17.7,-0.1599998,45917563,815815744
2020/9/30,17.72,18.34,17.58,18.12,0.4200001,37014812,666875344
2020/10/5,17.6,17.8,16.74,17.28,-0.8400002,54536554,936648480
2020/10/6,17.4,19.1,17.3,18.5,1.219999,58519668,1085909808
2020/10/7,18.4,19.36,18.36,18.96,0.4599991,36643221,696922352
2020/10/8,19.02,19.16,18.54,18.76,-0.1999989,22729809,425528080
2020/10/9,18.8,18.98,18.2,18.48,-0.2800007,41416595,770000416
2020/10/12,18.72,21.05,18.7,20.6,2.120001,146725759,2991546480
2020/10/14,21,21,19.62,19.96,-0.6400013,73268406,1463650464
2020/10/15,19.88,20.85,19.7,19.8,-0.1599998,62281723,1264843760
2020/10/16,21,21.1,19.78,19.96,0.1599998,65799520,1333767728
2020/10/19,20.25,21.25,20,20.6,0.6400013,74494114,1547796752
2020/10/20,20.75,20.75,20.05,20.55,-0.05000114,47322735,964957280
2020/10/21,20.7,20.75,19.94,20.05,-0.5,47587993,960160592
2020/10/22,20,20.65,19.62,20.6,0.5500011,53385938,1083351088
2020/10/23,20.5,21.15,20.2,20.4,-0.2000008,53798843,1113027392
2020/10/27,20.2,21,20.15,20.8,0.3999996,52812359,1095543648
2020/10/28,20.95,21.85,20.4,21.55,0.75,87214897,1857728400
2020/10/29,21.2,22.35,20.95,22,0.4500008,81659832,1774928224
2020/10/30,22.2,23.75,22.05,22.75,0.75,144623835,3332258480
2020/11/2,23.2,23.45,21.95,22.8,0.04999924,79748645,1807474112
2020/11/3,23.15,24.25,23,23.85,1.050001,114241377,2722338128
2020/11/4,23.95,24,21.85,22.3,-1.550001,136985719,3098978112
2020/11/5,23.8,24.2,23,23.95,1.650002,125251010,2968134864
2020/11/6,24.2,24.25,23.45,24.1,0.1499996,82103996,1967418672
2020/11/9,25.05,26.4,24.55,24.7,0.6000004,202114772,5147457536
2020/11/10,24.7,24.95,23.5,24.2,-0.5,104667205,2.53E+09
2020/11/11,23.6,23.95,22,22.45,-1.75,107574780,2.44E+09
2020/11/12,23.15,23.45,22.8,22.85,0.3999996,69620377,1609074592
2020/11/13,22.75,23.8,22.4,23.45,0.6000004,53079441,1238333280
2020/11/16,23.9,23.95,23.25,23.4,-0.05000114,39283073,922570912
2020/11/17,23.4,23.5,22.35,22.9,-0.5,48808505,1107853616
2020/11/18,23.1,23.55,22.8,23.05,0.1499996,35437714,818538384
2020/11/19,23.25,23.25,22.65,22.9,-0.1499996,29082234,669016736
2020/11/20,23.05,23.35,22.55,22.75,-0.1499996,35604202,812337744
2020/11/23,22.9,22.95,22.1,22.35,-0.3999996,49994769,1122731376
2020/11/24,22.2,23.1,22.15,22.8,0.4499989,55689399,1268542592
2020/11/25,22.85,23,21.6,21.9,-0.8999996,71776354,1583936896
2020/11/26,22.1,22.4,21.75,22.05,0.1499996,27893518,614324128
2020/11/27,22.15,22.8,22.05,22.25,0.2000008,46650126,1041747936
2020/11/30,22.05,22.55,21.05,21.65,-0.6000004,117414798,2555507632
2020/12/1,21.45,21.55,21.15,21.5,-0.1499996,39968720,853316032
2020/12/2,21.55,22.45,21.45,22.25,0.75,71898126,1593146992
2020/12/3,22.5,22.6,21.9,22.2,-0.04999924,36221556,800715008
2020/12/4,22,22,20.55,21,-1.200001,148286863,3134231984
2020/12/7,21.4,22.6,21.35,21.75,0.75,98217545,2164039728
2020/12/8,21.8,22.35,21.35,22.1,0.3500004,49828663,1092327920
2020/12/9,22,22.35,21.75,22.25,0.1499996,61966382,1370997312
2020/12/10,22,22.4,22,22.25,0,36716526,815315504
2020/12/11,22.25,23.25,21.85,22.05,-0.2000008,93179142,2095874672
2020/12/14,22.05,22.55,21.95,22.1,0.05000114,37319992,829790800
2020/12/15,22.5,22.5,20.95,21.25,-0.8500004,59464464,1274315056
2020/12/16,20.2,20.55,19.2,20.2,-1.049999,151374249,3027099088
2020/12/17,20,21.2,19.58,20.95,0.75,137992081,2802527328
2020/12/18,20.7,21,19.82,19.86,-1.09,103742391,2091794320
2020/12/21,19.2,19.74,18.9,19.14,-0.7200012,130737980,2513615248
2020/12/22,19,19.48,18.7,18.96,-0.1800003,82907058,1577711888
2020/12/23,18.68,19.64,18.68,19.22,0.2600002,75407990,1447901232
2020/12/24,19.1,19.68,19.04,19.04,-0.1799984,31787528,615243664
2020/12/28,19.02,19.14,18.08,18.24,-0.8000011,93175550,1.72E+09
2020/12/29,18.16,18.74,18.16,18.22,-0.02000046,62458229,1151325232
2020/12/30,18.36,21.2,18.2,20.4,2.18,240679118,4795089664
2020/12/31,20.6,22.5,20.6,22.1,1.700001,184145643,4040873760
2021/1/4,22,23.2,21.2,21.55,-0.5500011,219482127,4877029888
2021/1/5,20.9,22.1,19.48,19.48,-2.07,505406848,10254557696
2021/1/6,20.45,23.2,20.2,22,2.52,492699488,10606045696
2021/1/7,22.45,23.1,21.6,22.6,0.6000004,215293083,4.85E+09
2021/1/8,22.6,25.35,22.55,25,2.4,309665968,7.57E+09
2021/1/11,26,27.45,24.95,25.3,0.2999992,253641461,6.67E+09
2021/1/12,26,27,25.4,27,1.700001,164619864,4370648832
2021/1/13,27.6,28,25.1,26.2,-0.7999992,166048380,4417839616
2021/1/14,26.55,28.2,26.45,28.15,1.949999,184938215,5101153024
2021/1/15,28.4,28.95,26.7,27.65,-0.5,181322903,5.08E+09
2021/1/18,27.85,29.5,27.75,29.25,1.6,153883173,4450754304
2021/1/19,29.7,31.15,28.95,29.6,0.3500004,254005299,7.67E+09
2021/1/20,30.5,30.55,28.95,29.5,-0.1000004,159029440,4.72E+09
2021/1/21,29.5,30.15,27.7,28,-1.5,189193012,5.47E+09
2021/1/22,28.65,29.3,27,27.25,-0.75,173690431,4880154112
2021/1/25,27.8,30.15,27.3,30,2.75,216140482,6.28E+09
2021/1/26,29.9,31.95,29.65,30.15,0.1499996,178747840,5.49E+09
2021/1/27,30.85,31.3,28.4,29.2,-0.9499989,127904071,3.81E+09
2021/1/28,28.4,29,26.6,26.7,-2.5,178598817,4.94E+09
2021/1/29,27.6,27.8,25.9,26.45,-0.25,131226775,3539689840
2021/2/1,27,28.75,26.6,28.6,2.15,101013568,2806572768
2021/2/2,29.2,29.2,28,28.05,-0.5500011,76825282,2186727776
2021/2/3,28.4,28.55,27.65,27.95,-0.09999847,75259946,2105486752
2021/2/4,27.7,27.8,25.85,27.3,-0.6500015,147428040,3.94E+09
2021/2/5,27,27.3,24.3,24.4,-2.9,288002304,7266912000
2021/2/8,24.4,24.65,23,23.6,-0.7999992,135672002,3213659280
2021/2/9,23.8,25.4,23.2,24.85,1.25,53903043,1332752656
2021/2/10,25,25.45,24.45,24.7,-0.1499996,44124442,1094113872
2021/2/11,24.9,25.8,24.45,25.7,1,32187752,815424528
2021/2/16,26.8,27.15,26.4,26.5,0.7999992,58559532,1566839904
2021/2/17,26.5,27.05,26.05,26.95,0.4500008,39675409,1062012272
2021/2/18,26.8,28.8,26.45,27.65,0.6999989,177700743,4.93E+09
2021/2/19,27.4,28.05,26.6,27.5,-0.1499996,84595549,2313436512
2021/2/22,27.5,28.75,26.1,26.1,-1.4,117884274,3.25E+09
2021/2/23,26.35,27.2,25.8,26.5,0.3999996,62984098,1.67E+09
2021/2/24,26.7,27.2,25,25.6,-0.8999996,112231333,2.90E+09
2021/2/25,26.5,26.8,25.75,26,0.3999996,63945807,1.68E+09
2021/2/26,25,25.55,24.75,25.05,-0.9500008,85535581,2.14E+09
2021/3/1,25.6,27.1,25.35,26.75,1.700001,93090646,2463742048
2021/3/2,28.65,29.3,27.05,27.75,1,194821871,5481106944
2021/3/3,28.05,28.6,27.55,27.8,0.04999924,78872009,2213721152
2021/3/4,28.55,29,27.2,27.25,-0.5499992,183778111,5185391104
2021/3/5,26,27.25,25.8,26.85,-0.3999996,94315539,2495048608
2021/3/8,27.3,27.8,25,25.45,-1.4,106171833,2.74E+09
2021/3/9,25.3,25.4,23.3,24.4,-1.050001,118589925,2.90E+09
2021/3/10,25.25,25.5,23.95,24.25,-0.1499996,61171907,1504787072
2021/3/11,24.35,27.25,24.3,26.7,2.450001,166284429,4359754240
2021/3/12,26.85,27.4,25.5,25.5,-1.200001,84284403,2239442960
2021/3/15,25.95,26.35,24.85,25.5,0,56173893,1432713616
2021/3/16,25.65,26.1,25.5,25.95,0.4500008,35830141,925552736
2021/3/17,25.9,26.75,25.55,26.5,0.5499992,51431739,1356900416
2021/3/18,27.15,27.3,26.25,26.45,-0.04999924,46857750,1254735520
2021/3/19,25.8,26.8,25.8,25.9,-0.5500011,47315014,1235686080
2021/3/22,25.9,26.35,25.85,26,0.1000004,24374339,636002048
2021/3/23,26.25,26.5,25,25.35,-0.6499996,50220450,1284108464
2021/3/24,25.2,25.2,24.05,24.4,-0.9500008,50338717,1232329728
2021/3/25,23.9,24.35,23.4,23.95,-0.4499989,68301930,1625819472
2021/3/26,23.95,24.65,23.95,24.15,0.1999989,41686277,1015732272
2021/3/29,24.5,25.45,24.3,24.55,0.3999996,46595749,1160398000
2021/3/30,24.8,25.15,24.55,24.8,0.25,26709920,662791008
2021/3/31,24.8,25.1,24.4,24.7,-0.09999847,27466780,678106928
2021/4/1,25.15,26,24.9,25.9,1.199999,76115536,1950315248
2021/4/7,27,27.5,26.6,27.2,1.300001,124208791,3368366112
2021/4/8,27,28.25,26.5,26.6,-0.6000004,122571869,3.37E+09
2021/4/9,26.9,27.15,25.9,26.2,-0.3999996,94468467,2484715184
2021/4/12,26.3,26.75,24.9,25.2,-1,97631513,2510327104
2021/4/13,25.4,26.2,25.1,25.5,0.2999992,45839555,1175694816
2021/4/14,25.7,26.2,25.5,26.1,0.6000004,42104397,1090884768
2021/4/15,26.05,26.25,25.3,26.05,-0.05000114,32656325,841665328
2021/4/16,25.75,25.8,25.4,25.75,-0.2999992,41815342,1070073040
2021/4/19,25.7,26.9,25.6,26.4,0.6499996,58750239,1553057680
2021/4/20,26.4,26.65,25.85,25.9,-0.5,31332084,8.21E+08
2021/4/21,25.7,25.9,25.25,25.8,-0.1000004,30850266,788384800
2021/4/22,26,26.2,25.75,25.9,0.1000004,17833450,462802944
2021/4/23,25.95,26.1,25.6,25.7,-0.1999989,26296615,679183216
2021/4/26,26,26.1,25.3,25.4,-0.3000011,45388848,1164127488
2021/4/27,25.45,25.7,25.05,25.15,-0.25,42760586,1080366608
2021/4/28,25.15,25.3,24.8,25.05,-0.1000004,31295611,783540080
2021/4/29,25.15,25.55,25.05,25.2,0.1500015,11507805,290459200
2021/4/30,25.25,25.35,25,25.05,-0.1500015,13313150,334580864
2021/5/3,25.05,25.1,24.65,24.75,-0.2999992,8909595,220897538
2021/5/4,24.85,25.65,24.85,25.25,0.5,16759304,425199744
2021/5/5,25.05,25.45,24.9,25.2,-0.04999924,10717772,269223792
2021/5/6,25.25,25.4,25,25.05,-0.1500015,30417271,766993120
2021/5/7,25.25,25.4,24,24.2,-0.8499985,79374364,1931374272
2021/5/10,24.4,24.4,23.7,24.05,-0.1500015,36675709,881363248
2021/5/11,23.6,23.6,22.7,23,-1.049999,88814886,2040591904
2021/5/12,23.05,24.2,22.5,23.8,0.7999992,72145717,1699664144
2021/5/13,23.15,24.1,23.15,23.8,0,34794267,828162272
2021/5/14,24.55,24.85,23.55,23.75,-0.04999924,70599703,1699196880
2021/5/17,24.15,24.2,23,23.25,-0.5,69402682,1614562704
2021/5/18,23.35,23.55,22.7,23,-0.25,45057450,1034150400
2021/5/20,22.8,22.95,22.1,22.25,-0.75,65511392,1477071584
2021/5/21,22.5,22.75,22.2,22.4,0.1499996,43426658,977117056
2021/5/24,22.3,23.15,22.25,22.9,0.5,35080935,796166592
2021/5/25,23.15,23.45,23.05,23.4,0.5,36382457,847123328
2021/5/26,23.35,23.6,23.2,23.5,0.1000004,29446954,691336688
2021/5/27,23.5,25.05,23.4,24.8,1.299999,100498542,2475816416
2021/5/28,24.95,25.1,23.85,24.15,-0.6499996,47511748,1158727712
2021/5/31,24.35,24.85,24.25,24.5,0.3500004,30445399,748370288
2021/6/1,24.5,25.05,24.5,24.9,0.3999996,41453908,1031446240
2021/6/2,25.05,25.1,24.45,24.7,-0.1999989,26792303,661859456
2021/6/3,24.65,24.85,24.15,24.15,-0.5500011,26943920,659286688
2021/6/4,24,24,23.35,23.5,-0.6499996,47664998,1126291280
2021/6/7,23.7,24.4,23.55,23.95,0.4500008,37258757,892802128
2021/6/8,24.3,24.3,23.7,24.1,0.1499996,25947396,621358880
2021/6/9,24.1,24.45,24.05,24.2,0.1000004,22219147,539367424
2021/6/10,24.15,24.65,23.9,24,-0.2000008,36296229,877085216
2021/6/11,24.05,24.1,23.5,23.8,-0.2000008,29946712,710795824
2021/6/15,23.8,23.95,22.85,23.35,-0.4499989,48811079,1133872912
2021/6/16,23.35,23.65,23,23.05,-0.3000011,24917987,577330560
2021/6/17,23.05,24.55,23,24.3,1.25,174502134,4211737040
2021/6/18,24.45,24.9,24.2,24.4,0.1000004,95148352,2338045664
2021/6/21,24.15,24.2,23.2,23.5,-0.8999996,78778652,1858199392
2021/6/22,23.7,23.75,23.2,23.2,-0.2999992,41869563,978481888
2021/6/23,23.35,24.05,23.2,23.9,0.6999989,69899413,1661766608
2021/6/24,24.1,24.2,23.35,23.6,-0.2999992,49374559,1169519184
2021/6/25,23.8,24.2,23.65,23.8,0.1999989,47399176,1133790240
2021/6/28,23.8,23.95,23.35,23.55,-0.25,29798021,700818928
2021/6/29,23.6,23.9,23.3,23.35,-0.1999989,38748596,912216624
2021/6/30,23.45,24.15,23.45,23.9,0.5499992,88446579,2121778704
2021/7/2,23.85,23.85,23.05,23.25,-0.6499996,58636270,1363344032
2021/7/5,23,23.1,22.45,22.75,-0.5,68394325,1551699664
2021/7/6,22.7,22.75,21.75,22.2,-0.5499992,75619763,1671377376
2021/7/7,21.9,22.05,21.7,21.95,-0.25,55821009,1218734912
2021/7/8,22.15,22.7,21.85,22,0.04999924,56227010,1248793280
2021/7/9,22.05,22.85,22,22.2,0.2000008,52725223,1178780272
2021/7/12,22.45,22.7,22.3,22.7,0.5,54976776,1236832336
2021/7/13,22.85,23.15,22.7,22.85,0.1499996,47064802,1078608496
2021/7/14,22.85,23.2,22.55,22.85,0,37382170,853511824
2021/7/15,22.95,23,22.5,22.6,-0.25,22811163,515877920
2021/7/16,22.6,22.8,22.15,22.2,-0.3999996,34321534,766157440
2021/7/19,22,22.1,21,21.4,-0.8000011,69904466,1492004112
2021/7/20,21.2,21.6,21.1,21.35,-0.04999924,36731348,783635424
2021/7/21,21.5,21.55,21,21.15,-0.2000008,39460100,837804352
2021/7/22,21.2,22.65,21.2,22.3,1.15,73656049,1626850400
2021/7/23,22.25,22.4,21.6,21.9,-0.3999996,28432006,623659312
2021/7/26,21.6,24.2,21.4,24.15,2.25,198301265,4.62E+09
2021/7/27,24.35,27.9,23.65,25.55,1.4,500305552,1.30E+10
2021/7/28,26.15,26.5,24.2,25.15,-0.3999996,169118457,4.30E+09
2021/7/29,26,26.75,25.7,26.4,1.25,155232411,4.08E+09
2021/7/30,26.4,27.6,26,27.15,0.75,171956459,4678113280
2021/8/2,27.3,28.95,26.65,27.05,-0.1000004,171783108,4788392448
2021/8/3,27.25,27.55,25.25,25.45,-1.599998,129838805,3.38E+09
2021/8/4,25.5,27,25.5,26.85,1.4,90438734,2376861280
2021/8/5,27.05,28,27,27.9,1.049999,153319868,4256544080
2021/8/6,30.3,30.8,28.05,28.15,0.25,292276416,8567959040
2021/8/9,28,28,26.6,26.75,-1.4,113164941,3048981072
2021/8/10,27,27.25,25.75,26.05,-0.7000008,107044959,2799216912
2021/8/11,26,26.3,25.25,25.5,-0.5499992,88329350,2259180720
2021/8/12,25.5,26.2,25.3,25.55,0.04999924,66169480,1704420000
2021/8/13,25.35,25.5,24.05,24.55,-1,126596075,3107767200
2021/8/16,24.45,24.6,23.65,24.05,-0.5,88906825,2132792368
2021/8/17,24,24.4,23,23.4,-0.6499996,65911442,1553915648
2021/8/18,23.6,23.9,23.3,23.6,0.2000008,43893874,1035575648
2021/8/19,23.6,24.1,23.35,23.4,-0.2000008,64716862,1535770752
2021/8/20,23.55,23.6,22.5,23.15,-0.25,84773607,1943765088
2021/8/23,23.15,23.85,23.15,23.65,0.5,53918394,1275117792
2021/8/24,24,24.45,23.75,24.05,0.3999996,46377085,1117976624
2021/8/25,24.4,24.4,23.65,23.9,-0.1499996,42300410,1011854416
2021/8/26,24.35,24.85,23.95,24.15,0.25,74855130,1822241808
2021/8/27,24.15,24.3,23.85,24.25,0.1000004,30002343,721373600
2021/8/30,24.45,24.6,24.05,24.2,-0.04999924,42701176,1040658832
2021/8/31,24.25,24.35,23.35,23.8,-0.4000015,52484903,1.24E+09
2021/9/1,23.9,24.25,23.4,23.95,0.1500015,35771090,851752736
2021/9/2,24.05,24.3,23.6,23.95,0,33914420,811680752
2021/9/3,24.05,24.6,23.45,24.05,0.09999847,83989726,2014882784
2021/9/6,23.95,24.3,23.65,23.95,-0.09999847,44946847,1075639584
2021/9/7,24,24.15,23.7,23.8,-0.1500015,34889130,832307840
2021/9/8,23.8,23.9,23.2,23.25,-0.5499992,57994395,1354757456
2021/9/9,23.2,23.25,22.65,22.85,-0.3999996,43035436,985448400
2021/9/10,22.95,23.85,22.9,23.6,0.75,41104920,968165488
2021/9/13,23.6,23.85,23.05,23.25,-0.3500004,27254887,633818720
2021/9/14,23.2,23.45,22.8,22.95,-0.2999992,26792113,616884064
2021/9/15,22.9,23.1,22.7,22.8,-0.1500015,19239504,439227712
2021/9/16,22.8,23,22.1,22.4,-0.3999996,24387493,545457232
2021/9/17,22.15,22.95,22.15,22.65,0.25,12769348,288776432
2021/9/20,22.65,22.65,21.75,22.25,-0.3999996,15614865,343663440
2021/9/21,22.2,22.2,21.8,22.05,-0.2000008,13630601,299295840
2021/9/23,22.4,22.55,21.85,21.85,-0.1999989,43633442,964507696
2021/9/24,22.1,22.2,21.55,21.95,0.1000004,27795587,608274448
2021/9/27,22.2,22.9,21.8,21.9,-0.05000114,43521420,976346384
2021/9/28,22.1,22.3,21.8,22,0.1000004,21558324,475285744
2021/9/29,21.8,23,21.6,22.45,0.4500008,30301529,678877584
2021/9/30,22.45,22.45,21.8,22.05,-0.4000015,18114022,397668512
2021/10/4,21.8,22,21.5,21.6,-0.4499989,9452260,204418845
2021/10/5,21.6,21.8,21.3,21.65,0.04999924,8111867,175104471
2021/10/6,21.7,21.8,21.35,21.6,-0.04999924,9273204,200103721
2021/10/7,21.8,22.15,21.75,21.9,0.2999992,11312489,248647622
2021/10/8,22.2,22.2,21.7,21.7,-0.1999989,20522965,448543664
2021/10/11,21.8,22.25,21.75,21.95,0.25,25005846,551607248
2021/10/12,21.8,21.95,21.5,21.6,-0.3500004,22573067,489800640
2021/10/15,21.7,21.9,21.45,21.6,0,38545559,835557392
2021/10/18,21.7,22,21.45,21.95,0.3500004,17682126,383179392
2021/10/19,22,22.6,22,22.45,0.5,27584724,614548544
2021/10/20,22.7,22.7,22.25,22.3,-0.1500015,21951950,492232944
2021/10/21,22.3,22.5,21.95,22.1,-0.1999989,17010793,376024576
2021/10/22,22.55,23.65,22.5,23.15,1.049999,92323712,2145891600
2021/10/25,23,23.3,22.8,22.85,-0.2999992,24886004,572487936
2021/10/26,23.2,23.3,22.75,22.9,0.04999924,21626120,497263696
2021/10/27,22.65,22.8,22,22.2,-0.6999989,29264674,650355888
2021/10/28,22.3,22.4,22,22,-0.2000008,18498887,409880800
2021/10/29,21.85,22.4,21.85,22,0,29679491,658295488
2021/11/1,22,22.05,21.7,21.8,-0.2000008,23287981,509051776
2021/11/2,22,22.75,22,22.1,0.3000011,49624747,1112119840
2021/11/3,22.15,23.3,22,22.9,0.7999992,68945555,1576524304
2021/11/4,23.05,23.5,22.9,23.2,0.3000011,31128133,722039504
2021/11/5,23.4,23.75,23,23.05,-0.1500015,54522430,1277314208
2021/11/8,23.05,23.3,22.75,23,-0.04999924,24717464,566197872
2021/11/9,23.1,23.95,23.1,23.9,0.8999996,66068637,1564064560
2021/11/10,23.9,24.1,23.35,24,0.1000004,42325507,1008313600
2021/11/11,23.75,24.3,22.9,23.5,-0.5,85739574,2024306544
2021/11/12,22.65,23,21.95,22.6,-0.8999996,133281622,2988418416
2021/11/15,22.75,22.85,22.2,22.35,-0.25,30599124,686313216
2021/11/16,22.35,22.45,21.95,22.15,-0.2000008,36027108,798551056
2021/11/17,22.1,23.1,21.95,22.6,0.4500008,43731405,987341696
2021/11/18,22.45,22.75,22.2,22.35,-0.25,17721418,396853360
2021/11/19,22.2,22.45,22.15,22.2,-0.1499996,24732199,550623872
2021/11/22,22.2,22.3,22,22.15,-0.05000114,28527766,630677520
2021/11/23,22.15,22.45,22,22.1,-0.04999924,19218283,426140880
2021/11/24,22.35,22.4,21.7,21.8,-0.3000011,35765814,784235856
2021/11/25,21.75,22,21.6,21.85,0.05000114,20994570,458861376
2021/11/26,21.85,21.95,21.35,21.35,-0.5,31695315,684601488
2021/11/29,21.3,21.9,21.15,21.35,0,32740860,704068320
2021/11/30,21.35,21.75,21.15,21.45,0.1000004,36775691,786769840
2021/12/1,21.55,21.9,21.45,21.75,0.2999992,26224552,571057072
2021/12/2,21.55,22.05,21.5,22.05,0.2999992,29946616,654538848
2021/12/3,22.15,22.45,21.7,21.7,-0.3499985,38304031,842708704
2021/12/6,21.75,21.85,20.7,20.95,-0.75,50443347,1066015600
2021/12/7,21.05,21.25,20.65,21.05,0.09999847,27516725,576635728
2021/12/8,21.2,21.25,20.8,20.85,-0.1999989,22306071,467923600
2021/12/9,20.95,21.25,20.85,21.1,0.25,23004818,485654448
2021/12/10,21,21.45,20.9,20.95,-0.1499996,28394296,602771760
2021/12/13,20.95,21.2,20.8,20.85,-0.1000004,25767510,541427968
2021/12/14,20.95,20.95,19.94,20,-0.8500004,58989374,1193653552
2021/12/15,19.6,20.05,18.72,18.72,-1.280001,103719745,1989268432
2021/12/16,18.5,18.8,17.92,18.42,-0.2999992,79244850,1445930496
2021/12/17,18.62,19,18.4,18.68,0.2600002,35140110,658030032
2021/12/20,18.54,18.74,17.98,18.04,-0.6399994,33129337,602513472
2021/12/21,18.22,18.5,18.02,18.34,0.2999992,22556172,412287712
2021/12/22,18.46,18.56,18.24,18.46,0.1199989,13414659,246726863
2021/12/23,18.58,18.62,18.42,18.54,0.08000183,14066380,260868029
2021/12/24,18.68,18.7,18.34,18.4,-0.1400013,7718742,142781633
2021/12/28,18.46,18.5,18.1,18.34,-0.05999947,23937232,437112208
2021/12/29,18.28,18.6,18.22,18.46,0.1199989,7982386,146953525
2021/12/30,18.46,18.96,18.34,18.6,0.1400013,11127639,207309804
2021/12/31,18.5,18.96,18.5,18.66,0.05999947,6418501,120336210
2022/1/3,18.8,18.92,18.66,18.84,0.1800003,6902187,129761351
2022/1/4,18.9,18.94,18.42,18.6,-0.2399998,24126370,449013008
2022/1/5,18.7,18.7,18.02,18.18,-0.4200001,32615272,593138624
2022/1/6,18.04,18.48,17.98,18.3,0.1199989,30370273,550748048
2022/1/7,18.16,18.5,18.1,18.18,-0.1199989,22727035,415024752
2022/1/10,18.3,18.48,18.2,18.3,0.1199989,14368018,263254521
2022/1/11,18.3,18.44,18.2,18.26,-0.03999901,14193993,260182810
2022/1/12,18.46,18.82,18.4,18.7,0.4400005,28972404,540641936
2022/1/13,18.84,18.88,18.62,18.66,-0.04000092,17234621,323631392
2022/1/14,18.68,18.86,18.56,18.58,-0.07999992,13226403,246953265
2022/1/17,18.58,18.8,18.54,18.68,0.1000004,12465042,232716189
2022/1/18,18.72,19.66,18.72,19.42,0.7399998,41891354,810956448
2022/1/19,19.48,19.48,18.94,19.18,-0.2399998,18255700,350197408
2022/1/20,19.26,19.62,19.12,19.46,0.2799988,18161220,353578592
2022/1/21,19.4,19.6,19.12,19.52,0.06000137,21026235,408198768
2022/1/24,19.4,19.66,19.32,19.48,-0.04000092,13493400,262573616
2022/1/25,19.3,19.54,18.82,19.02,-0.4599991,22099687,422120608
2022/1/26,19.14,19.26,18.72,19.04,0.02000046,17554972,334139920
2022/1/27,19,19,18.76,18.9,-0.1400013,12698300,239705288
2022/1/28,18.96,18.96,18.3,18.78,-0.1199989,17925226,333204688
2022/1/31,18.32,18.7,18.32,18.68,-0.1000004,2740880,50970866
2022/2/4,18.84,19.06,18.78,18.94,0.2600002,6191800,117503340
2022/2/7,18.86,19.16,18.86,19,0.05999947,13680041,259528332
2022/2/8,18.94,19.08,18.74,18.84,-0.1599998,14033924,265332783
2022/2/9,19,19.66,18.98,19.5,0.6599998,28712545,558895504
2022/2/10,19.74,19.92,19.4,19.66,0.1599998,22350828,439746432
2022/2/11,20.2,20.5,19.96,20.15,0.4899998,62860294,1272742160
2022/2/14,20.15,20.4,19.98,20.2,0.05000114,22658016,457284704
2022/2/15,20.15,20.75,20.15,20.55,0.3499985,23055195,472668448
2022/2/16,20.8,20.95,20.6,20.65,0.1000004,29605609,615766800
2022/2/17,20.8,20.8,19.96,20.25,-0.3999996,24974603,506200528
2022/2/18,20,20.4,19.98,20.2,-0.04999924,14927440,301291744
2022/2/21,20.05,20.25,19.98,20.1,-0.1000004,16013428,321586336
2022/2/22,19.9,19.96,19.3,19.66,-0.4400005,28760953,562997824
2022/2/23,19.84,20.4,19.64,20.2,0.5400009,29793506,599728160
2022/2/24,20,20.5,19.4,19.7,-0.5,40923296,813749056
2022/2/25,20,20.15,19.58,19.8,0.09999847,23462389,466054992
2022/2/28,19.76,19.92,19.3,19.6,-0.1999989,18019705,351832848
2022/3/1,19.62,19.78,19.36,19.52,-0.07999992,15769955,307999632
2022/3/2,19.42,19.56,18.8,18.84,-0.6800003,27582995,527164000
2022/3/3,19,19.2,18.64,18.64,-0.2000008,23747182,448720320
2022/3/4,18.38,18.86,18.08,18.08,-0.5599995,34502217,633385888
2022/3/7,17.98,17.98,17.32,17.5,-0.5799999,51497097,902555328
2022/3/8,17.48,17.64,17.04,17.24,-0.2600002,38935956,673844176
2022/3/9,17.88,18.16,17.28,17.64,0.3999996,58317231,1034904928
2022/3/10,18.1,18.6,18,18.08,0.4400005,32755098,597967152
2022/3/11,17.8,18.12,17.28,18.08,0,38802313,684886384
2022/3/14,17.72,17.92,16.88,17.06,-1.02,43739493,7.56E+08
2022/3/15,16.6,17,14.96,15.14,-1.919999,100702374,1.60E+09
2022/3/16,15.62,16.64,15.32,16.5,1.36,85689397,1.37E+09
2022/3/17,17.28,17.5,16.8,17.06,0.5599995,58248896,1.00E+09
2022/3/18,16.98,17.2,16.66,17.02,-0.03999901,23383753,3.96E+08
2022/3/21,17.28,18,17.12,17.42,0.3999996,36265742,637443168
2022/3/22,17.38,17.72,17.26,17.7,0.2800007,19296900,337740064
2022/3/23,17.52,18.72,17.52,18.14,0.4399986,58179955,1061668512
2022/3/24,18.1,18.24,17.5,17.64,-0.5,27090144,484621104
2022/3/25,17.86,18.12,16.76,16.8,-0.8400002,43335055,746551696
2022/3/28,16.8,17.24,16.52,16.94,0.1400013,21116243,357251984
2022/3/29,16.96,17.28,16.82,17.04,0.1000004,13847857,235950134
2022/3/30,17.3,17.56,17.12,17.34,0.2999992,22076942,383941424
2022/3/31,17.6,17.76,16.98,17.14,-0.2000008,7589915,130282221
2022/4/1,16.98,17.08,16.76,16.98,-0.1599998,7608858,128781787
2022/4/4,17.12,17.4,16.86,17.28,0.3000011,7113919,122565051
2022/4/6,17.3,17.3,16.88,17.06,-0.2200012,19467012,331561216
2022/4/7,17.02,17.3,16.74,16.8,-0.2600002,20884475,354256736
2022/4/8,16.82,17.16,16.5,17.08,0.2800007,17550591,295500784
2022/4/11,17.06,17.06,16.22,16.28,-0.7999992,24186020,398902832
2022/4/12,16.5,16.66,16.02,16.54,0.2600002,19130219,313693888
2022/4/13,16.48,16.64,16.2,16.34,-0.2000008,13308595,218450048
2022/4/14,16.4,16.72,16.18,16.6,0.2600002,20062923,330224480
